PR_no,item_name,tttt,price,before_vat,total_price,quantity,item_measurement,id_numeric,hs_code,remaining,desc
1210,STATIONARY MATERIAL,Stationary Material,15173.91,15173.91,17450,1,,269,,1,
1208,PURCHASE OF UPS BATTERY & SERVICE CHARGE,Purchase of UPS Battery & Service Charge,8000,8000,9200,1,,327,,1,
1151,LED SOLAR STREET 6 WATT,Led Solar Street 6 Watt,9130.43,54782.58,62999.97,6,,204,,6,
1157,200 WATT LED FLOOD LIGHT,200 Watt LED Flood Light,6500,6500,7475,1,,205,,1,
1143,STATIONARY,Stationary,24130.43,24130.43,27750,1,,206,,1,
1158,EDMS TRADING,EDMS Trading,1473.91,16213.01,18644.96,1,,207,,1,
1159,SOFT,Soft,50113.04,50113.04,57630,1,,208,,1,
1160,ETHIO ASIAN,Ethio Asian,16086.65,16086.65,18499.65,1,,209,,1,
1162,LAUNDARY SOAP,Laundary Soap,49000,49000,56350,1,,210,,1,
1163,LAUNDARY SOAP,Laundary Soap,70304.35,70304.35,80850,1,,211,,1,
1164,CLEANING MATERIALS,Cleaning Materials,6686.97,6686.97,7690.02,1,,212,,1,
1169,UNIFORM,Uniform,136660,136660,157159,1,,213,,1,
1171,STATIONARY,Stationary,20829.57,20829.57,23954.01,1,,214,,1,
1173,STATIONARY,Stationary,15522.95,15522.95,17851.39,1,,215,,1,
1174,STATIONARY,Stationary,30608.7,30608.7,35200.01,1,,216,,1,
1175,STATIONARY,Stationary,16003.48,16003.48,18404,1,,217,,1,
1177,STAPLER WIRE,Stapler Wire,37.39,7478,8599.7,200,,219,,200,
1179,DELL MOUSE,Dell Mouse,1200,1200,1380,1,,220,,1,
1185,COTTON GLOVE,Cotton Glove,30,23040,26496,768,,223,,768,
1194,UNIFORM,Uniform,56310,56310,64756.5,1,,226,,1,
1195,GRINDER,Grinder,5913.04,5913.04,6800,1,,227,,1,
1201,FB ABUJADI GRADE,FB Abujadi Grade,13200,13200,15180,1,,229,,1,
1204,PAINT MATERIALS,Paint Materials,2695.69,2695.69,3100.04,1,,256,,1,
1206,W-0039 THINNER,W-0039 Thinner,1304.35,36521.8,42000.07,28,Litter,258,,28,
1215,COTTON T-SHIRT,Cotton T-Shirt,49770,49770,57235.5,1,,279,,1,
1180,SPARE FOR REFFINE MACHINE,Spare for reffine Machine,8500,8500,9775,1,,313,,1,
1182,CAST ELECTROD FOR  MACHINE,Cast Electrod for  Machine,7000,7000,8050,1,,314,,1,
1182,CAST ELECTROD FOR  MACHINE,Cast Electrod for  Machine,7000,7000,8050,1,,315,,1,
1184,BEARING FOR MACHINE,Bearing for machine,6000,6000,6900,1,,316,,1,
1188,FLORCENT 18W FOR LIGHT MAINTENANCE,Florcent 18W for light maintenance,4637.5,4637.5,5333.13,1,,317,,1,
1189,FLORECNT 18W & STARTER FOR MAINTENANCE OF LIGHT,Florecnt 18W & Starter for maintenance of light,9275,9275,10666.25,1,,318,,1,
1190,100 WATE LED FLORECNT MAINTENANCE OF  LIGHT,100 Wate Led florecnt maintenance of  Light,1,15984,18381.6,15984,,319,,15984,
1191,PURCHASE OF TUBEL LAMP 36W FOR MAINTENANCE,Purchase of tubel Lamp 36w for maintenance,13000,13000,14950,1,,320,,1,
1191,PURCHASE OF TUBEL LAMP 36W FOR MAINTENANCE,Purchase of tubel Lamp 36w for maintenance,13000,13000,14950,1,,321,,1,
1192,PURCHASE OF WIRE 2.5MM2 FOR MAINTENANCE,Purchase of wire 2.5mm2 for maintenance,2997.8,2997.8,3447.47,1,,322,,1,
1193,TONER 83A,Toner 83A,2600,2600,2990,1,,323,,1,
1196,PP BAGS 80 GRAM,PP bags 80 Gram,273900,273900,314985,1,,324,,1,
1199,120 GB SSD & INTERNAL FOR HARD DISK,120 GB SSD & Internal for hard disk,8800,8800,10120,1,,325,,1,
1205,MASTER CILINDER FOR P.N# 3-47528,Master Cilinder for P.N# 3-47528,8500,8500,9775,1,,326,,1,
1209,PURCHASE OF BEARING FOR MACHINE,Purchase of Bearing for Machine,15200,15200,17480,1,,328,,1,
1214,PURCHASE OF BRK-NXB 32A3PH,Purchase of BRK-NXB 32A3ph,1600,1600,1840,1,,329,,1,
1220,PURCHASE OF POWER CABLE,Purchase of power Cable,6743.46,6743.46,7754.98,1,,330,,1,
1128,KADIFIX 2 PRIMER - 180 KGS,Kadifix 2 Primer - 180 Kgs,62860,251440,289156,4,,138,,0,
1187,PP BAGS 61*85 GM SINGLE SIDE PRINT,Pp Bags 61*85 GM Single Side Print,18.83,282450,324817.5,15000,,225,,0,
1181,CALCIUM CARBONATE,Calcium Carbonate,6.61,66100,76015,10000,,221,,0,
1212,RUBBER SHEET,Rubber Sheet,256.52,5217616.8,6000259.32,20340,,277,,0,
1176,CALCIUM CARBONATE,Calcium Carbonate,10.5,525000,603750,50000,,218,,0,
1211,RUBBER SHEET,Rubber Sheet,234,2340000,2691000,10000,,270,,-40,
1207,PP PLASTIC BAG,PP Plastic Bag,305,1525000,1753750,5000,,264,,0,
1213,PP LAMINATED BAGS,PP Laminated Bags,19.57,391400,450110,20000,,278,,0,
1183,PREPARATION GLOVE,Preparation Glove,350.5,630900,725535,1800,,222,,0,
1186,CAMBRIL BLACK,Cambril Black,232.61,302393,347751.95,1300,,224,,0,
1206,AOL-1020 WHITE,AOL-1020 White,1804.35,50521.8,58100.07,28,Pcs,257,,0,
1202,FIN/GOAT SUEDE UPPER,Fin/Goat Suede upper,59.28,23712,27268.8,400,,231,,0,
1217,SOLVENT WASH(1 LITER),Solvent Wash(1 Liter),170,34340,39491,202,drums,333,,0,
1217,KADIFIX 2 (180KG),Kadifix 2 (180Kg),66875,200625,230718.75,3,drums,332,,0,
1202,FIN/SHEEP UPPER,Fin/Sheep Upper,45.24,22620,26013,500,,232,,0,
1202,FIN/GOAT SUEDE UPPER,Fin/Goat Suede upper,54.6,21840,25116,400,,230,,0,
1206,W-0039 THINNERS,W-0039 Thinners,2608.7,5217.4,6000.01,2,Litter,259,,2,
1222,MACHINE SPARE,Machine Spare,4700,4700,5405,1,,334,,1,
1223,PURCHASE OF WATER PUMP FITTING,Purchase of water pump fitting,6000,6000,6900,1,,335,,1,
1203,STOCK CARD,Stock Card,3043.48,3043.48,3500,1,,233,,1,
1224,PURCHASE OF PUMP BOARD,Purchase of Pump board,6000,6000,6900,1,,336,,1,
1226,BEARING WC 22217 FOR MACHINE,Bearing WC 22217 for machine,14000,14000,16100,1,,337,,1,
1131,PURCHASE OF BATERY FOR P.N# 3-01722-23,Purchase of Batery for P.N# 3-01722-23,25652.17,25652.17,29500,1,,338,,1,
1138,BEARING FOR MACHINE,Bearing for Machine,14050,14050,16157.5,1,,339,,1,
1139,CABLE FOR MAINTENANCE,Cable for Maintenance,15234.76,15234.76,17519.97,1,,340,,1,
1140,PURCHASE OF BUILDING MATERIAL,Purchase of Building material,4065.22,4065.22,4675,1,,341,,1,
1145,CANNON C-EX 32 TONER GENUINE,Cannon C-EX 32 Toner Genuine,17739.14,1779.14,20400.01,1,,342,,1,
1146,MACHINE SPARE,Machine Spare,2678.26,2678.26,3080,1,,343,,1,
1147,PURCHASE OF BRK-NXB 63AMP,Purchase of BRK-NXB 63AMP,3700,3700,4255,1,,344,,1,
1148,BEARING 6205 FOR MACHINE REPAIR,Bearing 6205 for machine repair,2400,2400,2760,1,,345,,1,
1149,PURCHASE OF CLUTCH PLATE FOR P.N# 1149,Purchase of Clutch plate for P.N# 1149,4000,4000,46000,1,,346,,1,
1152,ACB 3PH 40 AMP FOR COMPEROSER REPLACEMENT,ACB 3PH 40 Amp for comperoser Replacement,5904,5904,6789.6,1,,348,,1,
1153,CABLE FOR MAINTENANCE,Cable for Maintenance,22782.6,22782.6,26199.99,1,,349,,1,
1155,PURCHASE OF SPARE FOR KEANDER & REFFINER,Purchase of Spare for Keander & Reffiner,155500,155500,178825,1,,351,,1,
1156,PURCHASE OF SPARE FOR MACHINE,Purchase of Spare for Machine,6809.53,6809.53,7830.91,1,,352,,1,
1167,BEARING 23028 FOR KNEADERS,Bearing 23028 for Kneaders,50000,50000,57500,1,,353,,1,
1178,CANNON C-EX 32 TONER GENUINE,Cannon C-EX 32 Toner Genuine,5913.04,5913.04,6800,1,,354,,1,
1200,CALCIUM CARBONATE,Calcium Carbonate,6.61,33050,38007.5,5000,,355,,5000,
1240,SPARE PART(PHASE FAILUR RELAY),Spare part(Phase failur relay),102000,102000,117300,1,,358,,1,
1241,RIBBON 12MM BLACK,Ribbon 12MM Black,1.05,10500,12075,10000,Meter,359,,10000,
1225,GLOVE 300,Glove 300,57,57,65.55,1200,Pcs,361,,1200,
1229,SPARE FOR MACHINE,Spare for Machine,29168.69,29168.69,33543.99,1,PCs,364,,1,
1230,FIG CHAINA WEIGH SCALE,FIG Chaina weigh scale,8000,8000,9200,1,Pcs,365,,1,
1230,FIG CHAINA WEIGH SCALE,FIG Chaina weigh scale,8000,8000,92000,1,Pcs,366,,1,
1232,SCALE 100KG DIGITAL( DING TONG),Scale 100Kg Digital( Ding tong),10782.61,10782.61,12400,1,Pcs,367,,1,
1243,VOILET PIGMENT 23,Voilet Pigment 23,7500,7500000,8625000,1000,,370,,1000,
1233,WEIGH SCALE CAMARY,Weigh Scale Camary,14695.65,14695.65,16900,1,PCS,371,,1,
1234,PALLET TRUCK FOR MOHAN 1,Pallet Truck for Mohan 1,33919.04,67826.09,78000,2,PCS,372,,2,
1238,TYRE 195-15,Tyre 195-15,6347.83,12695.65,14600,2,,376,,2,
1130,RUBBER SHEET,Rubber Sheet,230,2300000,2645000,10000,,182,,10,
1129,MODEL ALRCENTER SK25,Model Alrcenter SK25,2782178,2782178,3199504.7,1,,181,,1,
1245,"STATIONARY MATERIAL(CARBON,PAPER CLIP SMALL & BIG)","Stationary Material(Carbon,Paper Clip Small & Big)",4956.52,4956.52,5700,1,,378,,1,
1246,ADHESIVE,Adhesive,122,16592,19080.8,136,,381,,136,
1221,MAINTENANCE,Maintenance,7200,7200,8280,1,Pcs,383,,1,
sc4002,SLIPPER  CRUMB,Slipper  Crumb,7.83,39776.4,45742.86,5080,,388,,5080,
sc4002,SLIPPER  CRUMB,Slipper  Crumb,7.83,39776.4,45742.86,5080,,389,,5080,
sc4006,EVA SHEET 24MM 101,Eva sheet 24mm 101,1739.13,598260.72,687999.83,344,,390,,344,
sc4016,SLIPER CRUMB,Sliper Crumb,7.83,22863.6,26293.14,2920,,393,,2920,
sc,SLIPPER CRUMB,Slipper Crumb,7.83,22080.6,25392.69,2820,,394,,2820,
sc3994,SLIPER CRUMB,Sliper Crumb,7.83,37270.8,42861.42,4760,,384,,0,
cs3993,SLIPPER CRUMB,Slipper Crumb,7.83,14877,17108.55,1900,,385,,-3800,
sc4008,SLIPPER CRUMB,Slipper Crumb,7.83,18009,20710.35,2300,,392,,0,
1219,CALCIUM CARBONATE,Calcium Carbonate,1090,545000,626750,50000,,357,,0,
sc4018,SLIPPER CRUMB,Slipper Crumb,7.83,22080.6,25392.69,2820,,395,,-2220,
1244,VISTAMAX,Vistamax,304.35,1521750,1750012.5,5000,KG,377,,0,
sc4000,EVA SHEET 24MM 101,Eva sheet 24mm 101,1739.13,773912.85,889999.78,445,,386,,0,
1242,NATURAL RUBBER,Natural Rubber,245,7350000,8452500,30000,,369,,-130,
sc4001,EVA SHEET 7707,Eva sheet 7707,608.7,213045,245001.75,350,,387,,0,
sc4007,EVA SHEET 7707,Eva sheet 7707,608.7,220349.4,253401.81,362,,391,,0,
1247,W-0039 THINNER,W-0039 Thinner,2608.7,78261,90000.15,30,,382,,0,
1237,RIBBON 14MM NAVY BLUE,Ribbon 14MM Navy Blue,1.12,112000,128800,10000,METERS,375,,0,
1136,CRT 790 X 455 X 290 (5 PLC),CRT 790 X 455 X 290 (5 PLC),157.46,314920,362158,2000,,185,,0,
1144,HYDRO-LICE OIL FOR DIP MACHINE,Hydro-lice Oil For DIP Machine,240000,240000,276000,6,,347,,0,
1137,CARTON 790*455*290,Carton 790*455*290,158,316000,363400,2000,,186,,0,
1132,PREPARATION GLUE,Preparation Glue,350.5,315450,362767.5,900,,183,,0,
1135,790 X 455 X 290,790 x 455 x 290,158,316000,363400,2000,,184,,11,
1235,ACRYLIC THINNER(1LITER),Acrylic Thinner(1Liter),494,,,30,LITER,374,,0,
1128,CATALYST AOA,Catalyst AoA,760,22800,26220,30,,139,,0,
1235,KADIFIX 1 PRIMER - 180 KGS,Kadifix 1 Primer - 180 Kgs,67787.25,677872.5,,10,DRUMS,373,,0,
1216,INNER BOX 360 X 210 X 120,Inner Box 360 x 210 x 120,25.5,38250,293250,10000,,356,,105,
1228,PP PLASTIC BAG,PP Plastic Bag,305,4117.5,4753.13,13.5,KG,363,,0,
sc4023,EVA SHEET 24MM 101,Eva Sheet 24mm 101,1739.13,106086.93,121999.97,61,,398,,61,
sc4029,SLIPPER CRUMB,Slipper crumb,7.83,22237.2,25572.78,2840,,399,,2840,
1251,SPARE PART FOR MACHINE TEMEPRATURE FIXING,Spare Part for Machine temeprature fixing,7391.3,7391.3,8500,1,,404,,1,
1252,POWER SUPPLAY & SERVICE CHARGE,Power Supplay & Service Charge,4800,4800,5520,1,,405,,1,
sc4048,EVA LAYER SHEET,Eva Layer sheet,869.57,133044.21,153000.84,153,,413,,0,
sc4134,SLIPPER CRUMB,Slipper crumb,7.83,7830,9004.5,1000,,457,,1000,
sc4138,DEER SLIPPER,Deer slipper,803.48,160696,184800.4,200,,459,,200,
sc4032,SLIPPER CRUMB,Slipper crumb,7.83,26152.2,30075.03,3340,,401,,0,
sc4037,SLIPPER CRUMB,Slipper Crumb,7.83,10335.6,11885.94,1320,,407,,0,
sc4036,SLIPPER CRUMB,Slipper crumb,7.83,53557.2,61590.78,6840,,406,,0,
sc4043,SLIPPER CRUMB,Slipper Crumb,7.83,15033.6,17288.64,1920,,410,,0,
sc4044,SLIPPER CRUMB,Slipper crumb,7.83,26465.4,30435.21,3380,,411,,0,
sc4057,SLIPPER CRUMB,Slipper crumb,7.83,25995.6,29894.94,3320,,417,,0,
sc4053,SLIPPER CRUMB,Slipper Crumb,7.83,14407.2,16568.28,1840,,414,,0,
sc4061,SLIPER CRUMB,Sliper Crumb,7.83,34765.2,39979.98,4440,,419,,0,
sc4062,SLIPPER CRUMB,Slipper crumb,7.83,29440.8,33856.92,3760,,420,,0,
sc4072,SLIPER CRUMB,Sliper Crumb,7.83,39776.4,45742.86,5080,,422,,0,
sc4078,SLIPPER CRUMB,Slipper crumb,7.83,35391.6,40700.34,4520,,427,,0,
sc4091,SLIPER CRUMB,Sliper crumb,7.83,11901.6,13686.84,1520,,434,,0,
sc4080,SLIPPER CUMB,Slipper cumb,7.83,21610.8,24852.42,2760,,428,,0,
sc4098,SLIPPER CRUMB,Slipper crumb,7.83,12684.6,14587.29,1620,,438,,0,
sc 4092,SLPPER CRUM,Slpper crum,7.83,10335.6,11885.94,1320,,435,,0,
sc4093,SLIPPER CRUMB,Slipper crumb,7.83,41029.2,47183.58,5240,,436,,0,
sc4117,SLIPPER CRUMB,Slipper crumb,7.83,40716,46823.4,5200,,451,,0,
sc4122,SLIPPER CRUMB,Slipper crumb,7.83,41655.6,47903.94,5320,,453,,0,
sc4116,SLIPPER CRUMB,Slipper crumb,7.83,22863.6,26293.14,2920,,450,,0,
sc4121,SLIPPER,Slipper,7.83,12371.4,14227.11,1580,,452,,0,
sc4124,SLIPPER CRUMB,Slipper crumb,7.83,20671.2,23771.88,2640,,454,,0,
sc4127,SLIPPER CRUMB,Slipper crumb,7.83,22237.2,25572.78,2840,,456,,0,
sc4135,SLIPPER CRUMB,Slipper crumb,7.83,11745,13506.75,1500,,458,,0,
sc4125,SLPPER CRUMB,Slpper crumb,7.83,11275.2,12966.48,1440,,455,,0,
sc4139,SLIPPER CRUMB,Slipper crumb,7.83,11118.6,12786.39,1420,,460,,0,
sc4142,SLIPPER CRUMB,Slipper crumb,7.83,11118.6,12786.39,1420,,461,,0,
sc4156,SLIPPER CRUMB,Slipper crumb,7.83,12528,14407.2,1600,,469,,0,
1249,CALCIUM CARBONATE,Calcium Carbonate,10.9,545000,626750,50000,,402,,0,
1250,PP BAGS WITHE SINGLE SIDE PRINT,PP Bags withe single side print,18.26,365200,419980,20000,,403,,0,
sc4047,EVA SHEET 7707,Eva sheet 7707,608.7,164349,189001.35,270,,412,,0,
sc4056,EVA LAYER SHEET,Eva layer sheet,869.57,111304.96,128000.7,128,,416,,0,
sc4041,EVA SHEET 7707,Eva sheet 7707,608.7,216088.5,248501.78,355,,408,,0,
cs4031,EVA LAYER SHEET,Eva Layer sheet,869.57,53913.34,62000.34,62,,400,,0,
sc4055,EVA SHEET 24MM 101,Eva sheet 24mm 101,1739.13,693912.87,797999.8,399,,415,,0,
sc4060,EVA SHEET 24MM 101,Eva sheet 24mm 101,1739.13,726956.34,835999.79,418,,418,,0,
sc4068,EVA SHEET 7707,Eva sheet 7707,608.7,267828,308002.2,440,,421,,0,
sc4084,EVA SHEET24MM 101,Eva sheet24mm 101,1739.13,566956.38,651999.84,326,,430,,0,
sc4083,EVA LAYER SHEET,Eva layer sheet,869.57,283479.82,326001.79,326,,429,,0,
sc4088,EVA LAYER SHEET,Eva layer sheet,869.57,104348.4,120000.66,120,,432,,0,
sc4087,EVA SHEET 24MM 101,Eva sheet 24mm 101,1739.13,526956.39,605999.85,303,,431,,0,
sc4096,EVA SHEET 24MM 101,Eva sheet 24mm 101,1739.13,518260.74,595999.85,298,,437,,0,
sc4100,EVA LAYER SHEET,Eva layer sheet,869.57,150435.61,173000.95,173,,441,,0,
sc4102,EVA SHEET 7707,Eva sheet 7707,608.7,131479.2,151201.08,216,,443,,0,
sc4075,EVA LAYER SHEET,Eva layer sheet,869.57,43478.5,50000.28,50,,425,,0,
sc4101,EVA LAYER SHEET,Eva layer sheet,869.57,132174.64,152000.84,152,,442,,0,
sc4103,EVA SHEET 7707,Eva sheet 7707,608.7,105913.8,121800.87,174,,444,,0,
sc4104,EVA LAYER SHEET,Eva layer sheet,869.57,125218.08,144000.79,144,,445,,0,
sc4105,EVA SHEET 24MM 101,Eva sheet 24mm 101,1739.13,79999.98,91999.98,46,,446,,0,
sc4154,EVA SHEET 7707,Eva sheet 7707,608.7,159479.4,183401.31,262,,467,,0,
sc4074,EVA SHEET 7707,Eva sheet 7707,608.7,289132.5,332502.38,475,,424,,0,
sc4144,EVA SHEET 24MM 101,Eva sheet 24mm 101,1739.13,467825.97,537999.87,269,,463,,0,
sc4143,EVA SHEET 84MM 101,Eva sheet 84mm 101,1739.13,285217.32,327999.92,164,,462,,0,
sc4109,EVA SHEET 24MM 101,Eva sheet 24mm 101,1739.13,2608695,2999999.25,1500,,447,,0,
sc4145,EVA SHEET 24MM,Eva sheet 24mm,1739.13,933912.81,1073999.73,537,,464,,0,
sc4146,EVA SHEET 24MM 101,Eva sheet 24mm 101,1739.13,514782.48,591999.85,296,,465,,0,
sc4148,RUBBER SOLE,Rubber Sole,217.39,10869.5,12499.92,50,,466,,0,
sc4111,EVA SHEET 7707,Eva sheet 7707,608.7,1217400,1400010,2000,,449,,0,
sc4155,RUBBER SOLE 900,Rubber sole 900,217.39,45434.51,52249.69,209,,468,,0,
1248,PVC SOLE,PVC Sole,169.57,203484,234006.6,1200,Pair,396,,0,
sc4099,EVA SHEET 7707,Eva sheet 7707,608.7,50522.1,58100.42,83,,439,,0,
sc4110,EVA LAYERS SHEET,Eva layers sheet,869.57,869570,1000005.5,1000,,448,,0,
sc,SLIPPER  CRUMB,Slipper  crumb,7.83,9709.2,11165.58,1240,,483,,1240,
1154,FOR P.N# 3-65337,FOr P.N# 3-65337,4900,4900,4900,1,,504,,1,
1255,SPARE PART FOR P.N 3-47528,Spare Part For P.N 3-47528,51000,51000,51000,1,,505,,1,
1256,SPARE PART FOR P.N 3-58857,Spare Part for P.N 3-58857,30000,30000,30000,1,,506,,1,
1257,SPARE PART FOR HEAD OFFICE,Spare Part for Head office,33268.01,33268.01,33268.01,1,,507,,1,
1258,BATTERY FOR MOHAN 2 GENERATOR,Battery for Mohan 2 Generator,16521.74,33043.48,33043.48,2,Pcs,508,,2,
sc 4207,SLIPPER CRUMBS,Slipper crumbs,7.83,12997.8,12997.8,1660,,514,,1660,
1259,STATIONARY MATERIALS,Stationary Materials,18651.79,18651.79,18651.79,1,Pcs,517,,1,
1262,CLEANING MATERIALS,Cleaning Materials,50042.43,50042.43,50042.43,1,"KG,Pair,Pcs & Liter",519,,1,
1263,CLEANING MATERIALS,Cleaning Materials,1086.97,1086.97,1086.97,1,"Pair,Pcs & Liter",520,,1,
1260,CLEANING MATERIAL,Cleaning Material,18208.62,18208.62,18208.62,1,"KG ,Pair & Pcs",521,,1,
sc 4229,EVA SHEET 7707,Eva sheet 7707,608.7,338437.2,338437.2,556,,538,,0,
1265,PURCHASE OF LAPTOP,Purchase of Laptop,94600,94600,94600,1,,523,,1,
1266,TYRE PURCHASE FOR P.N 3-20580(4PCS),Tyre Purchase for P.N 3-20580(4Pcs),68869.57,68869.57,68869.57,1,,524,,1,
sc4176,SLIPPER CRUMB,Slipper Crumb,7.83,10648.8,12246.12,1360,,481,,0,
sc4017,SLIPPER CRUMBS,Slipper Crumbs,7.83,22080.6,22080.6,2820,,526,,2820,
sc4020,SLIPPER CRUMB,Slipper Crumb,783,2004480,2305152,2560,,397,,0,
sc4195,SLIPPER CRUMB,Slipper crumb,7.83,10962,12606.3,1400,,492,,0,
sc4045,SLIPPER CRUMBS,Slipper Crumbs,7.83,20201.4,20201.4,2580,,527,,0,
sc4073,SLIPPER CRUMB,Slipper crumb,7.83,26778.6,30795.39,3420,,423,,0,
sc4092,SLIPPER CRUMBS,Slipper Crumbs,7.83,10335.6,11885.94,1320,,529,,0,
sc4089,SLIPPER CRUMB,Slipper crumb,7.83,21610.8,24852.42,2760,,133,,2760,
sc4158,SLIPPER CRUMB,Slipper crumb,7.83,39463.2,45382.68,5040,,470,,0,
sc4180,SLIPPER CRUMBS,Slipper Crumbs,7.83,9709.2,9709.2,1240,,530,,0,
sc4159,SLIPPER CRUMB,Slipper crumb,7.83,23490,27013.5,3000,,471,,0,
sc4162,SLIPPER CRUMB,Slipper crumb,7.83,10962,12606.3,1400,,472,,0,
sc4163,SLIPPER CRUMB,Slipper crumb,7.83,10648.8,12246.12,1360,,473,,0,
sc4164,SLIPPER CRUMB,Slipper crumb,7.83,10962,12606.3,1400,,474,,0,
sc4174,SLIPPER CRUMB,Slipper crumb,7.83,11745,13506.75,1500,,479,,0,
sc4170,SLIPPER CRUMB,Slipper crumb,7.83,38680.2,44482.23,4940,,477,,0,
sc4169,SLIPPER CRUMB,Slipper Crumb,7.83,10492.2,12066.03,1340,,476,,0,
sc4172,SLIPPER CRUMB,Slipper crumb,7.83,12214.8,14047.02,1560,,478,,0,
sc4198,SLIPPER CRUMB,Slipper crumb,7.83,11901.6,13686.84,1520,,494,,0,
sc4178,SLIPPER CRUMB,Slipper crumb,7.83,21141,24312.15,2700,,482,,0,
sc4200,SLIPPER CRUMB,Slipper crumb,7.83,12841.2,14767.38,1640,,495,,0,
sc4182,SLIPPER CRUMB,Slipper crumb,7.83,22393.8,25752.87,2860,,484,,0,
sc4185,SLIPPER CRUMB,Slipper crumb,7.83,12058.2,13866.93,1540,,485,,0,
sc4188,SLIPPER CRUMB,Slipper crumb,7.83,38836.8,44662.32,4960,,487,,0,
sc4191,SLIPPER CRUMB,Slipper crumb,7.83,11745,13506.75,1500,,490,,0,
sc4190,SLIPPER CRUMB,Slipper crumb,7.83,12058.2,13866.93,1540,,489,,0,
sc4193,SLIPPER CRUMB,Slipper crumb,7.83,12058.2,13866.93,1540,,491,,0,
sc4209,SLIPPER CRUMB,Slipper crumb,7.83,12371.4,12371.4,1580,,515,,0,
sc417,SLIPPER CRUMBS,Slipper Crumbs,7.83,22080.6,22080.6,2820,,533,,2820,
sc4215,SLIPPER CRUMBS,Slipper Crumbs,7.83,32886,32886,4200,,532,,0,
sc4213,SLIPPER CRUMBS,Slipper Crumbs,7.83,12371.4,12371.4,1580,,542,,0,
1267,BEARING FOR KNEADER,Bearing for Kneader,80000,80000,92000,1,PCS,545,,1,
1268,PURCHASE OF TONER 83A & 85A,Purchase of toner 83A & 85A,2820,2820,2820,1,,546,,1,
1269,JOINT FOR P.N 3-47528,Joint for P.N 3-47528,6086.96,6086.96,6086.96,1,,547,,1,
1270,PURCHASE OF BEARING FOR PLC 2 MIXER,Purchase of Bearing for PLC 2 Mixer,17000,17000,17000,1,,548,,1,
sc4207,SLIPPER CRUMBS,Slipper Crumbs,7.83,12997.8,12997.8,1660,,544,,0,
sc4217,SLIPPER CRUMBS,Slipper Crumbs,7.83,22080.6,22080.6,2820,,543,,0,
sc4222,SLIPPER CRUMBS,Slipper Crumbs,7.83,11745,11745,1500,,535,,0,
sc4225,SLIPPER CRUMBS,Slipper Crumbs,7.83,13154.4,13154.4,1680,,536,,0,
sc4226,SLIPPER CRUMBS,Slipper Crumbs,7.83,12528,12528,1600,,537,,0,
sc4233,SLIPPER CRUMBS,Slipper Crumbs,7.83,22550.4,22550.4,2880,,541,,0,
sc4232,SLIPPER CRUMBS,Slipper Crumbs,7.83,12214.8,12214.8,1560,,540,,0,
sc4236,SLIPPER CRUMBS,Slipper Crumbs,7.83,12841.2,12841.2,1640,,550,,0,
sc4165,EVA SHEET24MM 101,Eva sheet24mm 101,1739.13,457391.19,525999.87,263,,475,,0,
sc4187,EVA SHEET 7707,Eva sheet 7707,608.7,547830,630004.5,900,,486,,0,
sc4196,EVA SHEET 7707,Eva sheet 7707,608.7,162522.9,186901.34,267,,493,,0,
sc4204,EVA SHEET 24MM GRADE 101,Eva sheet 24mm grade 101,1739.13,184347.78,184347.78,106,,511,,0,
sc4205,EVA SHEET 7707,Eva sheet 7707,608.7,60870,60870,100,,512,,0,
sc4203,EVA LAYER SHEET,Eva layer sheet,869.57,61739.47,61739.47,71,,510,,0,
sc4206,RUBBER SHOE SOLE 900,Rubber shoe sole 900,217.39,90216.85,90216.85,415,,513,,0,
sc4211,EVA SHEET 24 MM 101,Eva sheet 24 mm 101,1739.13,838260.66,838260.66,482,,516,,0,
sc4230,RUBBER SHOE SOLE 900,Rubber shoe sole 900,217.39,74782.16,74782.16,344,,539,,0,
1264,ABUJADI PURCHASE FOR MAKING GIFT BAG,Abujadi Purchase for Making gift Bag,200,200000,200000,1000,,522,,0,
sc4221,RUBBER SHOE SOLE  900,Rubber Shoe sole  900,217.39,43478,43478,200,,534,,0,
sc4291,SLIPPER CRUMBS,Slipper Crumbs,7.83,26622,26622,3400,,580,,0,
sc4234,SLIPPER CRUMBS,Slipper Crumbs,7.83,13467.6,13467.6,1720,,549,,0,
sc4238,SLIPPER CRUMB,Slipper Crumb,7.83,12371.4,12371.4,1580,,570,,0,
sc4240,SLIPPER CRUMBS,Slipper Crumbs,7.83,11901.6,11901.6,1520,,552,,0,
sc4243,SLIPPER CRUMBS,Slipper Crumbs,7.83,13780.8,13780.8,1760,,554,,0,
sc4295,SLIPPER CRUMBS,Slipper Crumbs,7.83,12841.2,12841.2,1640,,583,,0,
sc4300,SLIPPER CRUMBS,Slipper Crumbs,7.83,12684.6,12684.6,1620,,586,,0,
sc4249,SLIPPER CRUMBS,Slipper Crumbs,7.83,12058.2,12058.2,1540,,557,,0,
sc4245,SLIPPER CRUMBS,Slipper Crumbs,7.83,12371.4,12371.4,1600,,551,,0,
sc4251,SLIPPER CRUMBS,Slipper Crumbs,7.83,13311,13311,1700,,558,,0,
sc4252,SLIPPER CRUMBS,Slipper Crumbs,7.83,11588.4,11588.4,1480,,559,,0,
sc4254,SLIPPER CRUMBS,Slipper Crumbs,7.83,24116.4,24116.4,3080,,560,,0,
sc4256,SLIPPER CRUMBS,Slipper Crumbs,7.83,24273,24273,3100,,561,,1520,
sc4259,SLIPPER CRUMBS,Slipper Crumbs,7.83,11745,11745,1500,,562,,0,
sc4314,SLIPPR CRUMBS,Slippr Crumbs,7.83,13154.4,13154.4,1680,,594,,0,
sc4305,SLIPPER CUMBS,Slipper Cumbs,7.83,26465.4,26465.4,3380,,588,,0,
sc4262,SLIPPER CRUMBS,Slipper Crumbs,7.83,32103,32103,4100,,563,,0,
sc4265,SLIPPER CRUMBS,Slipper Crumbs,7.83,12841.2,12841.2,1640,,565,,0,
sc4270,SLIPPER CRUMBS,Slipper Crumbs,7.83,30223.8,30223.8,3860,,567,,0,
sc4308,SLIPPER CRUMBS,Slipper Crumbs,7.83,12997.8,12997.8,1660,,589,,0,
sc4271,SLIPPER CRUMBS,Slipper crumbs,7.83,23646.6,23646.6,3020,,568,,0,
sc4280,SLIPPER  CRUMBS,Slipper  Crumbs,7.83,11901.6,11901.6,1520,,574,,1520,
sc4277,SLIPPER CRUMBS,Slipper Crumbs,7.83,13624.2,13624.2,1740,,572,,0,
sc4278,SLIPPER CRUMBS,Slipper Crumbs,7.83,13311,13311,1700,,573,,0,
sc4286,SLIPPER CRUMBS,Slipper Crumbs,7.83,10179,10179,1300,,576,,0,
sc4289,SLIPPER CRUMBS,Slipper Crumbs,7.83,13624.2,13624.2,1740,,579,,0,
1273,PURCHASE OF TONER 83A,Purchase of Toner 83A,1400,1400,1400,1,,606,,1,
1273,PURCHSE OF TONER 85A,Purchse of Toner 85A,1420,1420,1420,1,,607,,1,
sc4313,SLIPPER CRUMBS,Slipper Crumbs,7.83,34608.6,34608.6,4420,,593,,0,
sc4283,SLIPPER CRUMBS,Slipper Crumbs,7.83,22707,22707,2900,,575,,0,
sc4288,SLIPPER CRUMBS,Slipper Crumbs,7.83,23333.4,23333.4,2980,,578,,0,
sc4322,SLIPPER CRUMBS,Slipper Crumbs,7.83,12841.2,12841.2,1640,,596,,0,
sc4292,SLIPPER CRUMBS,Slipper Crumbs,7.83,23020.2,23020.2,2940,,582,,0,
1272,CAR SPARE BOOST,Car Spare Boost,11000,11000,11000,1,,604,,1,
sc4326,SLIPPER CRUMBS,Slipper Crumbs,7.83,12997.8,12997.8,1660,,599,,0,
1277,SERVICE FOR ALEMEGENA GENRATOR,Service For Alemegena Genrator,26027.69,26027.69,26027.69,1,,609,,1,
sc4328,SLIPPER CRUMBS,Slipper Crumbs,7.83,25056,25056,3200,,600,,0,
sc4333,SLIPPER CRUMBS,Slipper Crumbs,7.83,13467.6,13467.6,1720,,601,,0,
sc4335,SLIPPER CRUMBS,Slipper Crumbs,7.83,13467.6,13467.6,1720,,602,,0,
1278,MULTI MOTOR,Multi Motor,4984.9,4984.9,4984.9,1,,610,,1,
sc4317,SLIPPER,Slipper,7.83,22080.6,22080.6,2820,,608,,0,
sc4324,SLIPPER CRUMBS,Slipper Crumbs,7.83,13311,13311,1700,,598,,0,
1282,BATTERY 12V 100 AMP,Battery 12V 100 AMP,16521.74,16521.74,16521.74,1,Pcs,613,,1,
1285,RIPIT FOR SHOE(CAMESUR),Ripit for Shoe(camesur),869.57,17391.4,17391.4,20,,615,,0,
1288,INK FOR SHOE(ABAY ESDEE SCREEN PRINTING INK BLACK),Ink for Shoe(Abay ESDEE Screen printing Ink Black),2086.96,6260.88,6260.88,3,,619,,3,
1289,CUTTING DIE,Cutting Die,11000,11000,11000,1,,620,,1,
1290,DDR 3 4GB RAM FOR AMRITA PC,DDR 3 4GB RAM for Amrita pc,3200,3200,3200,1,,621,,1,
1293,SHOWER SOAP(9CTN)& LAUNDRY SOAP(21CTN) FOR KLLITY 1 & 2,Shower Soap(9ctn)& Laundry Soap(21Ctn) for Kllity 1 & 2,55822.5,55822.5,55822.5,1,Ctn,623,,1,
1287,CALCIUM CARBONATE 90%,Calcium carbonate 90%,11,220000,220000,20000,,617,,10000,
1279,CALCIUM CARBONATE 94% WHITENESS,Calcium Carbonate 94% whiteness,11.75,587500,587500,50000,,611,,0,
sc4297,RUBBER SHOE SOLE 900,Rubber shoe sole 900,217.39,211955.25,211955.25,975,,584,,0,
1281,PP BAGS 61*85*80,PP Bags 61*85*80,19.13,573900,573900,30000,,612,,15000,
sc4298,EVA SHEET 7707,Eva sheet 7707,608.7,365220,365220,600,,585,,0,
1276,CARTOON 790*455*290,Cartoon 790*455*290,150,300000,300000,2000,,603,,2000,
sc4302,EVA SHEET 7707,Eva sheet 7707,608.7,256262.7,256262.7,421,,587,,0,
sc4311,EVA LAYER SHEET,Eva layer sheet,869.57,456524.25,456524.25,525,,590,,0,
sc4312,RUBBER SHOE SOLE 900,Rubber shoe sole 900,217.39,22173.78,22173.78,102,,591,,0,
sc4241,EVA SHEET 7707,Eva sheet 7707,608.7,371307,371307,610,,553,,0,
sc4247,EVA SHEET 7707,Eva sheet 7707,608.7,82783.2,82783.2,136,,555,,0,
sc4248,RUBBER SHOE SOLE 900,Rubber shoe sole 900,217.39,28695.48,28695.48,132,,556,,0,
sc4263,RUBBER SHOE SOLE 900,Rubber shoe sole 900,217.39,48912.75,48912.75,225,,564,,0,
sc4266,EVA LAYER SHEET,Eva Layer sheet,869.57,118261.52,118261.52,136,,566,,0,
sc4273,EVA LAYER SHEET,Eva layer sheet,869.57,106957.11,106957.11,123,,569,,0,
sc4276,EVA LAYER SHEET,EVA Layer sheet,869.57,153044.32,153044.32,176,,571,,0,
1284,PP FESTAL,PP Festal,302,1552280,1552280,5140,KG,614,,0,
1286,VINYL PAPER FOR BAG,Vinyl paper for Bag,217.39,21739,21739,100,Mt,616,,0,
1292,KADIFIX 1(180KG),Kadifix 1(180KG),67787.25,677872.5,677872.5,10,,622,,0,
1298,PRINGING FOR BAG MAKING,Pringing for Bag Making,3000,6000,6000,2,Pcs,628,,2,
1302,UPS(RIELLO-UPS-1KVA) FOR MAHIDER,UPS(Riello-Ups-1KVA) for Mahider,22000,22000,22000,1,,631,,1,
1305,AJAX FOR KALITY 1 & 2,Ajax for Kality 1 & 2,5565,5565,5565,1,PCS,634,,1,
1307,SPARE PART FOR P.N 3-65337,Spare part for P.N 3-65337,28792.95,28792.95,28792.95,1,Pcs,637,,1,
1308,ASSY DRAG( INK LHD),Assy Drag( Ink LHD),9157.46,9157.46,9157.46,1,,638,,1,
1309,KING PINSET KIT,King Pinset Kit,12000,12000,12000,1,Pcs,639,,1,
1311,AAC 95 WIRE FOR TRANSORMER CONNECTION,AAC 95 wire for transormer connection,143,21450,21450,150,,641,,150,
1313,BEARING 6312 & BEARING N215E FOR PLC 2 MIXER,Bearing 6312 & Bearing N215E for Plc 2 Mixer,1,13000,13000,13000,Pcs,642,,13000,
1314,V- BELT C135,V- Belt C135,15652.17,15652.17,15652.17,1,,643,,1,
1316,BOLT PURCHASE FOR VARIOUS,Bolt Purchase for Various,6340,6340,6340,1,,645,,1,
1304,GLOVE 300 FOR KALITY 1 & 2,Glove 300 for kality 1 & 2,49,58800,58800,1,Pcs,633,,1,
1301,SOFT,Soft,30.6,27907.2,27907.2,1,PCS,630,,1,
1300,SOFT,Soft,30.6,45532.8,45532.8,1,PCS,629,,1,
1294,SHOWER SOAP(11CTN) & LAUNDRY SOAP(16CTN) FOR GELLAN,Shower Soap(11ctn) & Laundry Soap(16ctn) for Gellan,48145.29,48145.29,48145.29,1,Ctn,624,,1,
1283,LIGHT (50 WATT FLOOD LIGHT),Light (50 watt flood light),4000,4000,4000,1,Pcs,647,,1,
1283,LIGHT 36 WATT FLOURESCENT WITH ELECTRONIC BLAST,Light 36 watt flourescent with electronic blast,11040,11040,11040,1,,648,,1,
1283,LIGHT(TUBELAM P36WATT),Light(Tubelam P36watt),3450,3450,3450,1,,649,,1,
1312,PISTON SET CLUTCH( GEAR BOX SPARE PART FOR P.N# 3-01722,Piston Set Clutch( Gear Box Spare part for P.N# 3-01722,7130.45,7130.45,7130.45,1,Pcs,651,,1,
1318,UPS (K-STAR-UPS-1KVA) PURCHASE OF UPS FOR WOINESHET,UPS (K-Star-Ups-1KVA) Purchase of Ups for Woineshet,17000,17000,17000,1,Pcs,655,,1,
1319,BREAKER FOR GELLAN BORE WHEEL(BRK-NXB63A 3PH-BRK-NXB63A,Breaker for Gellan Bore wheel(BRK-Nxb63A 3ph-BRK-NXB63A,1200,1200,1200,1,Pcs,656,,1,
1321,BEARING 32211,Bearing 32211,2500,2500,2500,1,Pcs,658,,1,
sc 4363,SLIPPER CRUMBS,Slipper crumbs,7.83,11901.6,11901.6,1520,,686,,1520,
sc4363,SLIPPER CRUMBS,Slipper crumbs,7.83,11901.6,11901.6,1520,,688,,0,
sc4374,RUBBER SHOE SOLE 900,Rubber Shoe sole 900,217.39,13478.18,13478.18,62,,694,,62,
sc4341,SLIPPER CRUMBS,Slipper crumbs,7.83,13154.4,13154.4,1680,,675,,0,
sc4345,SLIPPER CRUMBS,Slipper crumbs,7.83,12371.4,12371.4,1580,,676,,0,
sc4348,SLIPPER CRUMBS,Slipper crumbs,7.83,13311,13311,1700,,679,,0,
sc4350,SLIPPER CRUMBS,Slipper crumbs,7.83,12997.8,12997.8,1660,,680,,0,
sc4353,SLIPPER CRUMBS,Slipper crumbs,7.83,13467.6,13467.6,1720,,681,,0,
sc4355,SLIPPER CRUMBS,Slipper crumbs,7.83,15503.4,15503.4,1980,,682,,0,
sc4356,SLIPPER,Slipper,7.83,14094,14094,1800,,683,,0,
sc4360,SLIPPER CRUMBS,Slipper crumbs,7.83,38210.4,38210.4,4880,,684,,0,
sc4361,SLIPPER CRUMBS,Slipper crumbs,7.83,26308.8,26308.8,3360,,685,,0,
sc4367,SLIPPER CRUMBS,Slipper crumbs,7.83,12997.8,12997.8,1660,,690,,0,
sc4376,SLIPPER CRUMBS,Slipper crumbs,7.83,13937.4,13937.4,1780,,695,,0,
sc4378,SLIPPER CRUMBS,Slipper crumbs,7.83,15033.6,15033.6,1920,,696,,0,
sc4370,SLIPPER CRUMBS,Slipper crumbs,7.83,14407.2,14407.2,1840,,692,,0,
1315,PP BAG,PP Bag,19.13,9565,9565,500,,644,,0,
1296,NATURAL RUBBER,Natural Rubber,245,4900000,4900000,20000,Kg,626,,0,
1326,TITANIUM DIOXIDE,Titanium Dioxide,540,378000,378000,700,Kgs,669,,0,Purchase of titanium dioxide
1326,CARBON BLACK,Carbon Black,450,2182500,2182500,4850,Kgs,670,,0,Purchase of Carbon
1326,PE-WAX,PE-Wax,450,461250,461250,1025,,671,,0,Purchase of Pe-wax
1322,EMPTY CARTON BIG 790*455*290,Empty Carton Big 790*455*290,150,12000,12000,80,,659,,0,
1303,SHOELACE 37/95 TWO COLOUR,Shoelace 37/95 Two Colour,650,260000,260000,400,,632,,0,
1323,RIPIT/EYELT,Ripit/Eyelt,434.78,43478,43478,100,Pkt,661,,0,
1323,D-RING,D-ring,869.57,173914,173914,200,PKt,660,,0,
1324,FABRIC,Fabric,200,400000,400000,2000,,662,,0,
1306,DYED EMBOSSED TR,Dyed Embossed TR,60.87,913050,913050,15000,SQFT,635,,0,
1306,GOAT LININING BEIGE,Goat Linining Beige,26.09,260900,260900,10000,,636,,0,
1320,KADIFIX 180KG,Kadifix 180KG,71355,713550,713550,10,Drums,657,,0,
1325,FABRIC 12.5 INDIGO BLACK 58-60,Fabric 12.5 Indigo black 58-60,265,132500,132500,500,Meter,663,,0,
1310,KADIFIX (180KG),Kadifix (180KG),71355,713550,713550,10,,640,,0,
sc4337,EVA SHEET 24MM GRADE 101,EVA sheet 24mm grade 101,1739.13,718260.69,718260.69,413,,672,,0,
sc4338,EVA LAYER SHEET,EvA Layer sheet,869.57,33043.66,33043.66,38,,673,,0,
sc4347,RUBBER SHOE SOLE 900,Rubber shoe sole 900,217.39,18695.54,18695.54,86,,678,,0,
sc4365,EVA SHEET 7707,Eva sheet 7707,608.7,683570.1,683570.1,1123,,689,,0,
sc4368,RUBBER SHOE SOLE 900,Rubber shoe sole 900,217.39,32608.5,32608.5,150,,691,,0,
sc4374,EVA SHEET 7707,Eva sheet 7707,608.7,217914.6,217914.6,358,,693,,0,
1297,SHOELACE 1/95 WHITE,Shoelace 1/95 White,565,282500,282500,500,,627,,0,
1325,FABRIC MAX 13.5 INDIGO DENIM 3 67-67,Fabric Max 13.5 Indigo Denim 3 67-67,250,125000,125000,500,Meter,664,,0,
sc4346,EVA SHEET 7707,Eva sheet 7707,608.7,314089.2,314089.2,516,,677,,0,
1299,LEATHER UPPER REGULAR,Leather Upper Regular,59.28,31492.5,31492.5,531.25,SQFT,652,,0,
1299,LEATHER UPPER ECO,Leather Upper Eco,58.5,80115.75,80115.75,1369.5,SQFT,653,,0,
1299,LEATHER UPPER ECO / ECO,Leather Upper Eco / eco,54.6,14960.4,14960.4,274,SQFT,654,,0,
sc4340,SLIPPER CRUMBS,Slipper crumbs,7.83,12684.6,12684.6,1620,,674,,0,
sc4382,SLIPPER CRUMBS,Slipper crumbs,7.83,15033.6,15033.6,1920,,697,,0,
sc4384,SLIPPER CRUMBS,Slipper crumbs,7.83,15033.6,15033.6,1920,,698,,0,
sc4387,SLIPPER CRUMBS,Slipper crumbs,7.83,27405,27405,3500,,699,,0,
sc4393,SLIPPER CRUMBS,Slipper crumbs,7.83,12528,12528,1600,,703,,1600,
sc4403,SLIPPER CRUMBS,Slipper crumbs,7.83,13780.8,13780.8,1760,,709,,1760,
sc4398,SLIPPER CRUMBS,Slipper crumbs,7.83,35391.6,35391.6,4520,,707,,0,
sc4397,SLIPPER CRUMBS,Slipper crumbs,7.83,13624.2,13624.2,1740,,706,,0,
sc4400,SLIPPER CRUMS,Slipper crums,7.83,15033.6,15033.6,1920,,708,,0,
sc4418,SLIPPER CRUMBS,Slipper crumbs,7.83,12371.4,12371.4,1580,,718,,0,
sc4414,SLIPPER CRUMBS,Slipper crumbs,7.83,12684.6,12684.6,1620,,717,,0,
sc4422,SLIPPER CRUMBS,Slipper crumbs,7.83,10179,10179,1300,,720,,0,
sc4423,SLIPPER CRUMBS,Slipper crumbs,7.83,12684.6,12684.6,1620,,721,,0,
sc4425,SLIPPER CRUMBS,Slipper crumbs,7.83,13154.4,13154.4,1680,,722,,0,
sc4428,SLIPPER CRUMBS,Slipper crumbs,7.83,12214.8,12214.8,1560,,723,,0,
sc4430,SLIPPER CRUMBS,Slipper crumbs,7.83,12528,12528,1600,,724,,0,
sc4433,SLIPPER CRUMBS,Slipper crumbs,7.83,13154.4,13154.4,1680,,725,,0,
sc4434,SLIPPER CRUMBS,Slipper crumbs,7.83,36331.2,36331.2,4640,,726,,0,
sc4440,SLIPPER CRUMBS,Slipper crumbs,7.83,28031.4,28031.4,3580,,728,,0,
sc4446,SILPPER CRUMBS,Silpper crumbs,7.83,24273,24273,3100,,731,,0,
sc4447,SLIPPER CRUMB,Slipper crumb,7.83,12058.2,12058.2,1540,,732,,0,
sc4391,SLIPPER CRUMBS,Slipper crumbs,7.83,15660,15660,2000,,702,,0,
sc4404,SLIPPER CRUMBS,Slipper crumbs,7.83,13624.2,13624.2,1740,,710,,0,
sc4303,SLIPPER CRUMBS,Slipper crumbs,7.83,13780.8,13780.8,1760,,736,,0,
sc4408,SLIPPER CRUMBS,Slipper crumbs,7.83,14407.2,14407.2,1840,,713,,0,
sc4410,SLIPPER CRUMBS,Slipper crumbs,7.83,22863.6,22863.6,2920,,714,,0,
sc4420,SLIPPER CRUMBS,Slipper Crumbs,7.83,15660,15660,2000,,719,,0,
1328,BATTERY,Battery,7800,7800,7800,1,Pcs,738,,1,Estar solar 12V7 battery & Service
1329,SECURITY CAMERA,Security Camera,305701.57,305701.57,305701.57,1,PCs,739,,1,Securtiy Camera with TV
sc4451,SLIPPER CRUMBS,Slipper crumbs,7.83,13780.8,13780.8,1760,,733,,0,
sc4453,SLIPPER CRUMBS,Slipper crumbs,7.83,12058.2,12058.2,1540,,734,,0,
sc4454,SLIPPER CRUMBS,Slipper crumbs,7.83,12528,12528,1600,,735,,0,
1330,SECURITY CAMERA,Security Camera,823846.09,823846.09,823846.09,1,Pcs,740,,1,Security Camera with TV & NVR
1331,MARKER,Marker,27.83,3339.6,3339.6,120,Pcs,741,,120,Purchase of Marker for Gelan
1332,PP TEXTILE,PP Textile,217.39,43478,43478,200,Kg,742,,200,Essian( Pp Textile )
sc4441,SLIPPER CRUMBS,Slipper crumbs,7.83,14250.6,14250.6,1820,,729,,0,
sc4444,SLIPPER CRUMBS,Slipper crumbs,7.83,13311,13311,1700,,730,,0,
sc4456,SLIPPER CRUMBS,Slipper crumbs,7.83,10492.2,10492.2,1340,,744,,0,
sc4471,RUBBER SOLE 650Z,Rubber Sole 650z,434.78,4347.8,4347.8,10,,752,,10,
1334,SPARE PART,Spare Part,3600,3600,3600,1,Pcs,758,,1,Spare Part for P.N 3-01722
1335,CONT CHAINT,Cont Chaint,5740,5740,5740,1,PCs,759,,1,Purchase of Cont Chaint
1336,BATTERY,Battery,14782.61,14782.61,14782.61,1,Pcs,760,,1,Battery (Blue ynamic left )
1337,STATIONERY MATERIAL,Stationery Material,15186.09,15186.09,15186.09,1,pcs,761,,1,Purchase of stationery Materials
1338,CALCIUM CARBONATE,Calcium Carbonate,11.75,1175000,1175000,100000,KG,762,,0,Purchase of Calcium Carbnate
sc4466,SLIPPER CRUMBS,Slipper crumbs,7.83,11901.6,11901.6,1520,,750,,0,
sc4463,SLIPPER CRUMBS,Slipper crumbs,7.83,12371.4,12371.4,1580,,748,,0,
sc4468,SLIPPER CRUMB,Slipper crumb,7.83,10962,10962,1400,,751,,0,
sc4461,SLIPPER CRUMBS,Slipper crumbs,7.83,12214.8,12214.8,1560,,747,,0,
sc4472,SLI PPER CRUMBS,Sli pper crumbs,7.83,12214.8,12214.8,1560,,754,,0,
sc4476,SLIPPER CRUMBS,Slipper crumbs,7.83,12371.4,12371.4,1580,,756,,0,
sc4479,SLIPPER CRUMBS,Slipper crumbs,7.83,12058.2,12058.2,1540,,757,,0,
1333,NATURAL RUBBER,Natural Rubber,250,5000000,5000000,20000,KG,743,,150,Purchase of Natural Rubber
sc4465,SLIPPER CRUMBS,Slipper crumbs,7.83,11901.6,11901.6,1520,,749,,1520,
sc4475,EVA LAYER SHEET,EVA Layer sheet,268,233044.76,233044.76,869.57,,755,,601.57,
1327,CUTTING DIE,Cutting Die,2800,5600,5600,2,Pcs,737,,0,Cutting Die for shoe making
sc4458,EVA LAYER SHEET,EvA Layer sheet,869.57,70435.17,70435.17,81,,745,,0,
sc4459,RUBBER SHOE SOLE 900,Rubber Shoe sole 900,217.39,93260.31,93260.31,429,,746,,0,
sc4435,RUBBER SHOE SOLE 900,Rubber shoe sole 900,217.39,52825.77,52825.77,243,,727,,0,
sc4389,RUBBER SHOE SOLE 900,Rubber shoe sole 900,217.39,30869.38,30869.38,142,,700,,0,
sc4390,EVA LAYER SHEET,EVA Layer sheet,869.57,77391.73,77391.73,89,,701,,0,
sc4396,EVA LAYER SHEET,EVA Layer sheet,869.57,195653.25,195653.25,225,,705,,0,
sc4395,RUBBER SHOE SOLE 900,Rubber shoe sole 900,217.39,6521.7,6521.7,30,,704,,0,
sc4407,EVA SHEET 7707,EVA sheet 7707,608.7,234349.5,234349.5,385,,711,,0,
sc4413,RUBBER SHOE SOLE 900,Rubber shoe sole 900,217.39,30869.38,30869.38,142,,716,,0,
sc4412,EVA SHEET 7707,EVA sheet 7707,445,270871.5,270871.5,608.7,,715,,163.7,
1341,BATTERY,Battery,35043.48,35043.48,35043.48,1,Pcs,766,,1,Battery for P.N 3-65337
1342,COTTON GLOVE,Cotton Glove,14400,14400,14400,1,Pcs,767,,1,Purchase of Cotton Glove for Gellan
1344,BAG CLOSER,Bag Closer,208.7,100176,100176,480,Pcs,768,,480,Purchase of Thread for Bag closer
1343,UPS BATTERY,Ups Battery,4200,4200,4200,1,Pcs,769,,1,Purchase of Battery for Server
1345,HYA,HYA,170.44,6817600,6817600,40000,Kgs,770,,40000,Purchase of HYA
1346,WATER HEATER & BATHROOM ACCESSORIES,Water Heater & Bathroom Accessories,15304.35,15304.35,15304.35,1,Pcs,771,,1,Water Heater & bathroom accessories for mohan head office
1348,STATIONARY,Stationary,12434.78,12434.78,12434.78,1,PCs & BOx,773,,1,Purchase of Boxfile kent & Staples wire(50pcs & 2Box)
sc4497,SLIPPER CRUMBS,Slipper crumbs,1440,11275.2,11275.2,7.83,,780,,7.83,
1351,UPS ORGINAL RIELLO,Ups orginal Riello,12000,12000,12000,1,Pcs,791,,1,Purchase of UPS orginal Riello
1352,HDMI SPLITER & HDMI CABLE,HDMI Spliter & HDMI Cable,6600,6600,6600,1,Pcs,792,,1,Purchase of HDMI Speliter & HDMI Cable
sc4496,SLIPPER CRUMBS,Slipper crumbs,7.83,11118.6,11118.6,1420,,779,,0,
1357,FORK LIFT SERVICE,ForK lift Service,22608.75,22608.75,22608.75,1,,801,,1,Fork Lift service for Change of Machine Place
sc4511,SLIPPER CRUMBS,Slipper crumbs,7.83,12214.8,12214.8,1560,,787,,0,
sc4500,SLIPPER CRUMBS,Slipper crumbs,7.83,80805.6,80805.6,10320,,781,,0,
1358,HDMI CABLE 20MM,HDMI Cable 20Mm,15200,15200,15200,1,,802,,1,Purchase of HDMI Cable for Kality 1 Camera
1359,TV 32 INCH,TV 32 Inch,25000,25000,25000,1,Pcs,803,,1,Purchase of TV 32 Inch for Kality Camera
sc4501,SLIPPER CRUMBS,Slipper crumbs,7.83,31633.2,31633.2,4040,,782,,0,
sc4508,SLIPPER CRUMBS,Slipper crumbs,7.83,11745,11745,1500,,785,,0,
sc4510,SLIPPER CRUMBS,Slipper crumbs,7.83,12528,12528,1600,,786,,0,
1359,HDMI CABLE,HDMI Cable,680,680,680,1,Pcs,804,,1,Purchase of HDMI Cable for Gelan
1359,TV WALL MOUNT,TV Wall mount,1800,7200,7200,4,pcs,805,,4,Purchase of TV Wall Mount
1360,POTENTIO METER,Potentio meter,1700,1700,1700,1,Pcs,806,,1,Spare for Printing Machine
1360,PUSH BUTTON,Push Button,900,900,900,1,Pcs,807,,1,Spare Part for printing
1361,MACHINE CHAIN,Machine Chain,8260.87,8260.87,8260.87,1,,808,,1,Spare Part for Kneader Bucket Conveyor of Kaity
1362,FEADER,Feader,52100,52100,52100,1,,809,,1,Feader for compound Repair 1 Machine
1363,BRK-NXB 32A,BRK-NXB 32A,1000,3000,3000,3,Pcs,810,,3,Spare Part for Machine
1365,BEARING,Bearing,19000,19000,19000,1,Pcs,811,,1,Bearing of Mixer for kality
1366,CIRCUIT BRAKER,Circuit Braker,2400,2400,2400,1,Pcs,812,,1,Circuit Braker for Stiching Room
1367,SEAL,Seal,2200,2200,2200,1,,813,,1,Seal for Mixer 1 for PLC 2
1368,BACK DROP BANNER,Back Drop banner,39750,39750,39750,1,,814,,1,Back Drop banner for exhibition bathar
1369,SERVICE,Service,8322,8322,8322,1,Pcs,815,,1,Service for Suziki desier
1370,"DRIEL, 400WAHTT","Driel, 400wahtt",3217,3217,3217,1,Pcs,816,,1,"Purchase of Driel, 400wahtt for Head office"
1353,A GRADE PAIR HIGHER LEATEHR SHOE PVC SOLE 401,A Grade pair Higher Leatehr Shoe PVC Sole 401,1130.43,96086.55,96086.55,85,,796,,85,A Grade pair Higher Leatehr Shoe PVC Sole 401 For Kaliyt 1 & 2
1354,COMPACT TRANSFORMER,Compact Transformer,11950760,11950760,11950760,1,Set,797,,1,Pruchase of Compact Transformer
1370,GRINDER 950WATT,Grinder 950watt,4521.73,4521.73,4521.73,1,Pcs,817,,1,Purchase of Grinder 950watt
1370,CURRENT WEDDER 150AMP,Current wedder 150AMP,27826,27826,27826,1,Pcs,818,,1,Purchase of Current wedder 150AMP for Head office
1371,TEMPERATURE CONTROLLE,Temperature Controlle,8608.7,8608.7,8608.7,1,Pcs,819,,1,Purchase of Temperature Controlle
1372,CONTRACTOR 3210,Contractor 3210,3130,6260,6260,2,Pcs,820,,2,Purchase of Contractor 3210 for fabrication
1373,STATIONARY,Stationary,3746.06,3746.06,3746.06,1,Pcs,821,,1,Purchase of stationary
1374,PRSF100D,PRsf100D,6300,18900,18900,3,,822,,3,Purchase of PR Sfi 100D
sc4514,SLIPPER CRUMBS,Slipper crumbs,7.83,11431.8,11431.8,1460,,788,,0,
sc4515,SLIPPER CRUMBS,Slipper crumbs,7.83,12684.6,12684.6,1620,,789,,0,
sc4517,SLIPER CRUMB,Sliper crumb,7.83,11745,11745,1500,,790,,0,
1347,D-RING FOR LEATEHER SHOE,D-ring for leateher shoe,1863.35,130434.5,130434.5,70,Pcs,772,,0,D-ring for leather shoe
1355,HALOGNATE,Halognate,218.5,6555,6555,30,Litter,798,,0,Purchase of halognate shoe
1355,SOLVENT,Solvent,451.25,87993.75,87993.75,195,litter,799,,0,Purchase of Solvent for Shoe making
1340,RIBBON 14MM BLACK,Ribbon 14Mm Black,1.45,72500,72500,50000,Meter,764,,0,Purchase of Ribbon 14mm Black for shoe
sc4505,EVA SHEET 24MM GRADE 101,EvA sheet 24mm grade 101,335,582608.55,582608.55,1739.13,,784,,1404.13,
sc4503,RUBBER SHOE SOLE 900,Rubber shoe sole 900,217.39,43478,43478,200,,783,,0,
sc4495,RUBBER SHOE SOLE 900,Rubber shoe sole 900,217.39,65217,65217,300,,778,,0,
sc4494,EVA LAYER SHEET,EVA Layer Sheet,869.57,301740.79,301740.79,347,,777,,0,
sc4489,RUBBER SHOE SOLE 900,Rubber Shoe sole 900,217.39,16086.86,16086.86,74,,776,,0,
1375,NATURAL RUBBER,Natural Rubber,250,7500000,7500000,30000,KG,823,,10,Purchase of Natural Rubber
1356,61*85*80 GRAM PP BAG,61*85*80 Gram Pp bag,21.5,53750,53750,2500,Pcs,800,,0,Purchase of Pp bags for Kality
1340,RIBBON 14-33 GRAY,Ribbon 14-33 Gray,1.45,72500,72500,50000,Meter,765,,0,Purchase o Ribbon 14mm Gray
1350,RIBBON-14MM WHITE,Ribbon-14mm white,1.45,72500,72500,50000,Meter,775,,0,Purchase of Ribbon
1376,CALCIUM CARBONATE 94% WHITENESS COATED,Calcium Carbonate 94% whiteness coated,13.4,134000,134000,10000,KG,826,,10000,Purchase of Calcium Carbonate 94% whiteness coated
Sc 4525,SLIPPER CRUMBS,Slipper Crumbs,7.83,10962,10962,1400,,830,,1400,
Sc 4529,SLIPPER CRUMBS,Slipper Crumbs,7.83,11275.2,11275.2,1440,,833,,1440,
Sc 4537,SLIPPER CRUMBS,Slipper Crumbs,7.83,12371.4,12371.4,1580,,837,,1580,
sc4540,SLIPPER CRUMBS,Slipper Crumbs,7.83,11275.2,11275.2,1440,,840,,1440,
S4617,SLIPPER CRUMBS,Slipper Crumbs,7.83,12841.2,12841.2,1640,,882,,1640,
1339,PP BAGS 61*85*80,PP Bags 61*85*80,21.74,652200,652200,30000,Pcs,763,,0,Purchase of Pp Bags 61*85*80
sc4521,SLIPPER CRUMBS,Slipper Crumbs,7.83,11588.4,11588.4,1480,,828,,0,
Sc4522,SLIPPER CRUMBS,Slipper Crumbs,7.83,10179,10179,1300,,829,,0,
sc4527,SLIPPER CRUMBS,Slipper Crumbs,7.83,45414,45414,5800,,884,,0,
sc4525,SLIPPER CRUMBS,Slipper Crumbs,7.83,10962,10962,1400,,885,,0,
Sc4526,SLIPPER CRUMBS,Slipper Crumbs,7.83,12371.4,12371.4,1580,,831,,0,
Sc4539,SLIPPER CRUMBS,Slipper Crumbs,7.83,11901.6,11901.6,1520,,839,,0,
Sc4536,SLIPPER CRUMBS,Slipper Crumbs,7.83,11588.4,11588.4,1480,,836,,0,
Sc4537,SLIPPER CRUMBS,Slipper Crumbs,7.83,12371.4,12371.4,1580,,838,,0,
Sc4542,SLIPPER CRUMBS,Slipper Crumbs,7.83,37270.8,37270.8,4760,,841,,0,
Sc4549,SLIPPER CRUMBS,Slipper Crumbs,7.83,38680.2,38680.2,4940,,844,,0,
1377,SERVICE,Service,39022.61,39022.61,39022.61,1,Pcs,886,,1,Generator General Service
1378,BEARING,Bearing,3000,9000,9000,3,,887,,3,Purchase of Beraring
Sc4598,EVA SHEET 24MMGRADE 101,EVA Sheet 24mmgrade 101,203,353043.39,353043.39,1739.13,,874,,1536.13,
Sc4597,RUBBER SHOE SOLE 900,Rubber Shoe sole 900,217.39,43478,43478,200,,873,,0,
sc4575,EVA SHEET 7707,Eva sheet 7707,608.7,96783.3,96783.3,159,,860,,0,
Sc4576,EVA LAYER SHEET,EVA Layer Sheet,869.57,97391.84,97391.84,112,,861,,0,
Sc4577,EVA SHEET 24MM GRADE 101,EvA Sheet 24mm grade 101,1739.13,222608.64,222608.64,128,,862,,0,
Sc4568,EVA LAYER SHEET,EVA Layer Sheet,869.57,145218.19,145218.19,167,,857,,0,
Sc4567,EVA SHEET 24MMGRADE 101,EvA Sheet 24mmgrade 101,273,474782.49,474782.49,1739.13,,856,,1466.13,
Sc4566,EVA SHEET 7707,Eva sheet 7707,608.7,170436,170436,280,,855,,0,
Sc4561,EVA SHEE 7707,Eva Shee 7707,608.7,29826.3,29826.3,49,,853,,0,
Sc4560,EVA SHEET24MM GRADE 101,EVA Sheet24mm grade 101,1739.13,107826.06,107826.06,62,,851,,0,
Sc4552,EVA SHEET 7707,Eva sheet 7707,608.7,112609.5,112609.5,185,,846,,0,
Sc4532,EVA SHEET 7707,Eva sheet 7707,608.7,103479,103479,170,,834,,0,
Sc 4533,RUBBER SHOE SOLE 900,Rubber shoe sole 900,217.39,58477.91,58477.91,269,,835,,0,
Sc4546,SLIPPER CRUMBS,Slipper Crumbs,7.83,11745,11745,1500,,842,,0,
Sc4555,SLIPPER CRUMBS,Slipper Crumbs,7.83,23646.6,23646.6,3020,,848,,0,
Sc4547,SLIPPER CRUMBS,Slipper Crumbs,7.83,11118.6,11118.6,1420,,843,,0,
Sc4551,SLIPPER CRUMBS,Slipper Crumbs,7.83,31633.2,31633.2,4040,,845,,0,
Sc4562,SLIPPER CRUMBS,Slipper Crumbs,7.83,11901.6,11901.6,1520,,854,,0,
Sc4574,SLIPPER CRUMBS,Slipper Crumbs,7.83,37114.2,37114.2,4740,,859,,0,
Sc4558,SLIPPER CRUMBS,Slipper Crumbs,7.83,10648.8,10648.8,1360,,849,,0,
Sc4584,SLIPPER CRMBS,Slipper Crmbs,7.83,11745,11745,1500,,866,,0,
Sc4587,SLIPPER CRUMBS,Slipper Crumbs,7.83,3382.56,3382.56,432,,868,,0,
Sc4589,SLIPPER CRUMBS,Slipper Crumbs,7.83,12371.4,12371.4,1580,,869,,0,
Sc4586,SLIPPER CRUMBS,Slipper Crumbs,7.83,25056,25056,3200,,867,,0,
Sc4591,SLIPPER CRUMBS,Slipper Crumbs,7.83,34138.8,34138.8,4360,,870,,0,
sc4593,SLIPPER CRUMBS,Slipper Crumbs,7.83,14250.6,14250.6,1820,,871,,0,
Sc4599,SLIPPER CRUMBS,Slipper Crumbs,7.83,14094,14094,1800,,875,,0,
Sc4594,SLIPPER CRUMBS,Slipper Crumbs,7.83,24116.4,24116.4,3080,,872,,0,
Sc4622,SLIPPER CRUMBS,Slipper Crumbs,7.83,14094,14094,1800,,883,,0,
Sc4604,SLIPPER CRUMBS,Slipper Crumbs,7.83,13467.6,13467.6,1720,,876,,0,
Sc4608,SLIPPER CRUMBS,Slipper Crumbs,7.83,17695.8,17695.8,2260,,879,,0,
Sc4612,SLIPPER CRUMBS,Slipper Crumbs,7.83,12684.6,12684.6,1620,,880,,300,
Sc4607,SLIPPER CRUMBS,Slipper Crumbs,7.83,25839,25839,3300,,878,,0,
Sc4553,SLIPPER CRUMBS,Slipper Crumbs,783,11745,11745,1500,,847,,0,
Sc 4570,SLIPPER CRUMBS,Slipper Crumbs,7.83,36801,36801,4700,,858,,0,
sc4581,SLIPPER CRUMBS,Slipper Crumbs,7.83,24742.8,24742.8,3160,,865,,0,
Sc4578,SLIPPER CRUMBS,Slipper Crumbs,7.83,12371.4,12371.4,1580,,863,,0,
Sc4615,SLIPPER CRUMBS,Slipper Crumbs,7.83,13311,13311,1700,,881,,0,
1379,COW FULL GRAIN TR,Cow Full Grain TR,100,240000,240000,2400,Sqft,888,,305.5,Purchase of cow full grain TR for leather shoe making
1380,PP BAG 61*85*80,PP bag 61*85*80,21,315000,315000,15000,,890,,0,Purchase of PP bag 61*85*80
1376,CALCIUM CARBONATE 94% WHITENESS,Calcium Carbonate 94% whiteness,11.9,595000,595000,50000,KG,825,,0,Puechase of Calcium Carbonate 94% whiteness
1379,COW FULL GRAIN SC,Cow full Grain SC,99,59400,59400,600,SQFT,889,,318.75,Purchase of cow full grain SC for leather shoe making
1376,CALCIUM CARBONATE 90% WHITENESS,Calcium Carbonate 90% whiteness,11.2,336000,336000,30000,KG,824,,10000,Purchase of Calcium Carbonate 90% whiteness
1381,CAPORT,Caport,1782.61,21391.32,21391.32,12,,891,,12,Purchase of Caport
1381,RAIN COAT,Rain Coat,956.52,11478.24,11478.24,12,,892,,12,Purchase of Rain Coat
sc4628,RUBBER SHOE SOLE 900,Rubber shoe sole 900,217.39,34347.62,34347.62,158,,896,,158,
sc4638,SLIPPER CRUMBS,Slipper Crumbs,7.83,27561.6,27561.6,3520,,900,,3520,
Sc4606,EVA SHEET 24MM GRADE 101,EvA Sheet 24mm grade 101,59,102608.67,102608.67,1739.13,,877,,1680.13,
1349,THINNER FOR SCREEN PRINTING INK,Thinner for screen printing ink,524,26200,26200,50,KG,774,,0,Thinner for screen printing ink for shoe making
1382,TUBE 12*100 FOR MACHINE,Tube 12*100 for Machine,39000,39000,39000,1,Pcs,943,,1,Tube 12*100 for Machine(Heater Tube for Mahichine)
1383,GENRAL SERVICE FOR CANNONE,Genral service for Cannone,16000,16000,16000,1,Pcs,944,,1,General Service for Cannone Coppier
1384,TONER CARTIRAGE (05A),Toner Cartirage (05A),1400,1400,1400,1,Pcs,945,,1,Purchase of Toner Cartirage for
1385,SERVICE ITEM FOR SK22,Service item for SK22,211340,211340,211340,1,Pcs,946,,1,Service item for SK22 for Air Comprossor Service
1386,SK 25,SK 25,137030,137030,137030,1,,947,,1,SK 25 for Air comprossor Service
1387,COTTON GLOVES,Cotton Gloves,36.52,19282.56,19282.56,528,Pcs,948,,528,Purchase of Gloves
1389,SHOWER SOAP,Shower Soap,1315.6,13156,13156,10,CTN,949,,10,Purchase of Shower Soap
1389,LAUNDRY SOAP,Laundry Soap,2016.97,90763.65,90763.65,45,CTN,950,,45,Purchase of Laundry Soap
1390,SHOWER SOAP,Shower Soap,1315.6,10524.8,10524.8,8,CTN,951,,8,Purchase of Shower soap
1390,LAUANDRY SOAP,Lauandry Soap,2016.97,40339.4,40339.4,20,CTN,952,,20,Purchae of Lauandry Soap
1392,RIBBON 109 14MM BLACK,Ribbon 109 14mm Black,1.45,145000,145000,100000,,954,,100000,Purchase of Ribbon 109 14mm Black
1393,RIBBON 109 14MM NAVY BLUE,Ribbon 109 14MM Navy Blue,1.45,145000,145000,100000,,955,,100000,Purchase of Ribbon 109 14MM Navy Blue
1394,RIBBON 109 14MM BROWN,Ribbon 109 14MM Brown,1.45,145000,145000,100000,,956,,100000,Purchse of Ribbon 109 14MM Brown
1395,RIBBON 109 14MM RED,Ribbon 109 14mm Red,1.45,72500,72500,50000,,957,,50000,Purchase onf Ribbon 109 14mm Red
1396,RIBBON 111 25MM 3COLOUR,Ribbon 111 25MM 3Colour,5.3,26500,26500,5000,,958,,5000,Purchase of Ribbon 111 25MM 3Colour
1397,TONNER,Tonner,1400,2800,2800,2,,959,,2,Purchase of Tonner
1399,JAMBO SOFT,Jambo Soft,1478.26,28086.94,28086.94,19,Bags,960,,19,Purchaes of Jambo Soft
1388,CHEMICAL GLOVE,Chemical glove,47.83,95660,95660,2000,,961,,2000,Purchase of chemical glove
1388,COTTON GLOVE ORANGE,Cotton Glove Orange,39.13,19565,19565,500,,962,,500,Purchase of Cotton Glove Orange
1388,COTTON GLOVE WHITE,Cotton Glove White,36.52,13147.2,13147.2,360,,963,,360,Purchase of Cotton Glove White
1400,SOFT,Soft,1478.26,45826.06,45826.06,31,,964,,31,Purchase of Jumbo Soft
1402,STATIONAY MATEIALS,Stationay Mateials,37713.04,37713.04,37713.04,1,,965,,1,Purchase of Stationay Mateials
1401,CANNON 32 TONER GENUINE,Cannon 32 Toner Genuine,6782.61,13565.22,13565.22,2,Pcs,966,,2,
1404,BEARING P207,Bearing P207,3000,9000,9000,3,,967,,3,Purchase of Bearing P207
1405,PLASTIC SHEET 8*9,Plastic Sheet 8*9,6956.52,13913.04,13913.04,2,,968,,2,Purchase of Plastic Sheet 8*9 for P.N 3-12953
1406,BLOWER REPAIRE,Blower Repaire,24782.61,24782.61,24782.61,1,,969,,1,Blower Repaire(Machine Repaire for PLC 1
1407,CARTRIDGE PLANET 13A,Cartridge Planet 13A,1000,1000,1000,1,,970,,1,Purchase of Cartridge Planet 13A
1408,HALOGENATE,Halogenate,330,33000,33000,100,,971,,100,Purchase of Halogenat for Gelan
1408,CATALIST ADADUR,Catalist Adadur,1315,39450,39450,30,,972,,30,Catalist Adadur
sc4624,SLIPPER CRUMBS,Slipper Crumbs,7.83,16443,18909.45,2100,,903,,0,
sc4626,SLIPPER CRUMBS,Slipper Crumbs,7.83,14720.4,14720.4,1880,,894,,0,
sc4642,SLIPPER CRUMBS,SlIPPER Crumbs,7.83,26778.6,26778.6,3420,,902,,0,
sc4645,SLIPPER CRUMBS,Slipper Crumbs,7.83,25525.8,25525.8,3260,,936,,0,
sc4631,SLIPPER CRUMBS,Slipper Crumbs,7.83,36331.2,36331.2,4640,,897,,0,
sc4635,SLIPPER CRUMBS,Slipper Crumbs,7.83,12997.8,12997.8,1660,,898,,0,
sc4637,SLIPPER CRUMBS,Slipper Crumbs,7.83,26778.6,26778.6,3420,,899,,0,
sc4112,RUBBER SHOE SOLE 900,Rubber shoe sole 900,217.39,41956.27,41956.27,193,,531,,193,
sc4646,SLIPPER CRUMBS,Slipper Crumbs,7.83,27091.8,27091.8,3460,,937,,0,
sc4648,SLIPPER CRUMBS,Slipper Crumbs,7.83,13311,13311,1700,,938,,0,
sc4651,SLIPPER CRUMBS,Slipper Crumbs,7.83,11431.8,11431.8,1460,,939,,0,
sc4652,SLIPPER CRUMBS,Slipper Crumbs,7.83,19418.4,19418.4,2480,,940,,0,
sc4663,SLIPPER CRUMBS,Slipper Crumbs,7.83,14877,14877,1900,,976,,0,
sc4655,EVA SHEET 24MM GRADE 101,EVA sheet 24mm grade 101,1739.13,504347.7,504347.7,290,,941,,0,
sc4656,EVA LAYER SHEET,EVA layer sheet,869.57,260871,260871,300,,942,,0,
sc4658,SLIPPER CRUMBS,Slipper Crumbs,7.83,14877,14877,1900,,973,,1900,
sc4662,EVA LAYER SHEET,EVA Layer Sheet,869.57,24347.96,24347.96,28,,975,,0,
1391,CUTTING DIE,cutting Die,1500,6000,6000,4,,953,,0,Purchase of Cutting Die
sc4627,EVA LAYER SHEET,EVA Layer Sheet,166,144348.62,144348.62,869.57,,895,,537.57,
sc4661,EVA SHEET 24MM GRADE101,EVA Sheet 24mm grade101,1739.13,530434.65,530434.65,305,,974,,0,
sc4665,SLIPPER CRUMBS,Slipper Crumbs,7.83,14250.6,14250.6,1820,,977,,0,
sc4667,SLPPER CRUMBS,Slpper Crumbs,7.83,12528,12528,1600,,978,,0,
sc4673,SLIPPER CRUMBS,Slipper Crumbs,7.83,31006.8,31006.8,3960,,979,,0,
sc4675,RBBER SHOE SOLE 900,Rbber shoe sole 900,217.39,35869.35,35869.35,165,,980,,165,
sc4682,EVA SHEET 24MM GRADE 101,EVA Sheet 24mm grade 101,1739.13,278260.8,278260.8,160,,984,,160,
sc4676,EVA SHEET 24MM GRADE 101,EVA SHEET 24MM gRADE 101,1739.13,850434.57,850434.57,489,,981,,0,
1197,QUARTEZ,Quartez,1600,16000,16000,10,Pcs,985,,10,
1197,QUARTEZ 2,Quartez 2,800,6400,6400,8,Pcs,986,,8,
1197,EYLET,Eylet,600,2400,2400,4,Pcs,987,,4,
1197,VAMB UPPER,vamb upper,2200,8800,8800,4,Pcs,988,,4,
1197,VAMP LINIG,Vamp linig,1500,4500,4500,3,Pcs,989,,3,
1197,FOAM,Foam,700,1400,1400,2,Pcs,990,,2,
1197,COUNTER,Counter,600,3000,3000,5,Pcs,991,,5,
1197,TOUNGE 1,Tounge 1,500,1500,1500,3,Pcs,992,,3,
1197,TOUNGE 2,Tounge 2,600,1800,1800,3,Pcs,993,,3,
1197,OUTER,Outer,1100,3300,3300,3,Pcs,994,,3,
1197,DICER,Dicer,800,800,800,1,Pcs,995,,1,
sc4330,EVA SHEET 24MM GRADE 101,Eva Sheet 24mm grade 101,1739.13,1133912.76,1133912.76,652,Pcs,1000,,0,
sc4331,EVA LAYER SHEET,Eva Layer Sheet,869.57,71304.74,71304.74,82,Pcs,999,,0,
sc4319,EVA SHEET 24MM GRADE 101,EVA Sheet 24mm grade 101,1739.13,815651.97,815651.97,469,,1001,,0,
sc4310,EVA SHEET 24MM GRADE 101,EVA sheet 24mm grade 101,1739.13,130434.75,130434.75,75,,1002,,0,
sc4274,EVA SHEET 24MM GRADE 101,EVA sheet 24mm grade 101,1739.13,518260.74,518260.74,298,Pcs,1003,,0,
sc4267,EVA SHEET 24MM GRADE 101,EVA sheet 24mm grade 101,1739.13,146086.92,146086.92,84,Pcs,1004,,0,
sc4220,EVA SHEET 7707,Eva sheet 7707,171,104087.7,104087.7,608.7,Pcs,1005,,437.7,
sc4219,EVA SHEET 24MM GRADE 101,EVA sheet 24mm grade 101,1739.13,146086.92,146086.92,84,Pcs,1006,,0,
sc4166,EVA SHEET 7707,Eva sheet 7707,608.7,60870,60870,100,Pcs,1007,,0,
sc4690,EVA SHEET 7707,Eva sheet 7707,608.7,395655,395655,650,,1033,,650,
sc4691,RUBBER SHOE SOLE 900,Rubber shoe sole 900,217.39,14130.35,14130.35,65,,1034,,65,
1123,RIBBON 14MM BLACK,Ribbon 14mm Black,1.25,250000,250000,20000,Mtr,997,,0,
1198,TERRY FLEECE GRAY,Terry Fleece Gray,190,19000,19000,100,,1009,,100,
sc4212,RUBBER SHOE SOLE 900,Rubber Shoe Sole 900,217.39,41956.27,41956.27,193,,1013,,0,
sc4201,EVA LAYER SHEET,EVA Layer Sheet,869.57,94783.13,94783.13,109,,1014,,0,
1123,SHOELACE 1/95 WHITE,Shoelace 1/95 white,565,282500,282500,500,,996,,0,
1317,THINNER FOR SCREEN PRINTING,Thinner For Screen Printing,2620,5240,5240,2,,1015,,2,
1317,SCREEN PRINTING,Screen Printing,2086.96,4173.92,4173.92,2,,1016,,2,
1317,SCREEN PRINTING INK,Screen Printing Ink,521.74,1043.48,1043.48,2,,1017,,2,
1412,120AH SHD(GENARATOR BATTERY),120AH SHD(Genarator Battery),29130.43,29130.43,29130.43,1,,1021,,1,Purchaes of 120AH SHD(Genarator Battery) for Head office
1413,FABRICATION(MAX 13.502,Fabrication(Max 13.502,250,750000,750000,3000,,1022,,3000,Purchase of Fabrication for Saftey shoe Making
1414,61*85*80 GRAM PP BAG,61*85*80 Gram PP Bag,21.5,322500,322500,15000,,1023,,15000,Purchase of 61*85*80 Gram PP Bag for Kality
1198,TERRY FLEECE KAKI,Terry Fleece Kaki,190,95000,95000,500,,1010,,-52.4,
1198,TERRY FLEECE NAVY BLUE,Terry Fleece Navy Blue,190,38000,38000,200,,1008,,-33.9,
1198,TERRY FLEECE BLACK,Terry Fleece Black,190,95000,95000,500,,1011,,-14.3,
1291,SKIN FEET,Skin Feet,190,228,228,1.2,,998,,0,
1415,SCREEN PRINTING INK WHITE,Screen Printing Ink White,2217.39,26608.68,26608.68,12,,1024,,12,Purchaes of Screen Printing Ink White
1415,SCREEN PRINTING INK BLACK,Screen Printing Ink Black,2086.96,25043.52,25043.52,12,,1025,,12,Purchae of Screen Printing Ink Black
1415,SCREEN PRINTING THINNER,Screen Printing Thinner,11391.3,56956.5,56956.5,5,,1026,,5,Purchase of Screen Printing Thinner
1416,CHAIR((LOCAL MADE HIGH QUALITY LOW BACK GAS LIFTS),Chair((Local Made high quality low back gas lifts),6500,13000,13000,2,,1027,,2,Purchase of Chair(Local Made high quality low back gas lifts)
1416,TABLE(LOCAL MADE HIGH  QUALITY WITH FIXED DROWERS AND KEYBOARD),Table(Local Made high  quality with fixed drowers and Keyboard),11739.13,23478.26,23478.26,2,,1028,,2,Purchase of Table(Local Made high  quality with fixed drowers and Keyboard)
1417,EMBOSSED WHITE BACK TR,Embossed White Back TR,80,800000,800000,10000,,1029,,10000,Purchase of Embossed White Back TR
1418,COW SPLIT NATURE(LINNING ),Cow Split Nature(Linning ),13,65000,65000,5000,,1030,,5000,Purchase of Cow Split Nature(Linning ) for making saftey shoe
1325,FABRIC (MAX),Fabric (Max),250,250,262.5,1,Meter,1036,,1,
1410,NATURAL RUBBER,Natural Rubber,271.3,1486724,1486724,5480,,1019,,0,Purchase of Natural Rubber
1409,CALCIUM CARBONATE 94% WHITNESS,Calcium Carbonate 94% whitness,11.9,357000,357000,30000,,1018,,0,Purchase of Calcium Carbonate 94% whitness
sc4678,SLIPPER CRUMBS,Slipper Crumbs,7.83,13467.6,13467.6,1720,,982,,0,
sc4679,SLIPPER CRUMBS,Slipper Crumbs,7.83,15190.2,15190.2,1940,,983,,0,
sc4685,SLIPPER CRUMBS,Slipper Crumbs,7.83,13937.4,13937.4,1780,,1031,,0,
sc4688,SLIPPER CRUMBS,Slipper Crumbs,7.83,13311,13311,1700,,1032,,0,
sc4695,SLIPPER CRUMBS,Slipper Crumbs,7.83,14094,14094,1800,,1037,,0,
sc4693,SLIPPER CRUMBS,Slipper Crumbs,7.83,25369.2,25369.2,3240,,1035,,0,
sc4700,SLIPPER CRUMBS,Slipper crumbs,7.83,14094,14094,1800,,1038,,0,
sc4703,SLIPPER CRUMBS,Slipper crumbs,7.83,13780.8,13780.8,1760,,1039,,0,
sc4704,SLIPPER CRUMBS,Slipper crumbs,7.83,33355.8,33355.8,4260,,1040,,0,
sc4707,SLIPPER CRUMBS,Slipper crumbs,7.83,11745,11745,1500,,1042,,0,
sc4705,SLIPPER CRUMBS,Slipper crumbs,7.83,25839,25839,3300,,1041,,0,
sc4712,RUBBER SOLE 190,Rubber sole 190,269.57,229134.5,229134.5,850,,1044,,850,
sc4713,EVA SHEET 7707,Eva sheet 7707,608.7,28000.2,28000.2,46,,1045,,46,
sc4616,SLIPPER CRUMBS,Slipper crumbs,7.83,11901.6,11901.6,1520,,1047,,1520,
1419,FRONT MIROR ORGINAL,Front Miror orginal,60869.56,60869.56,60869.56,1,,1049,,1,Purchase of Front Miror orginal for Rava 4
1420,BLACK GOAT LINING,Black Goat Lining,26.09,130450,130450,5000,,1050,,5000,Purchase of Black Goat Lining for Gelan
1421,STATIONARY MATERIALS,Stationary materials,3591.3,3591.3,3591.3,1,,1051,,1,Purchase of Stationary materials for head office
1422,REPAIRING,Repairing,53116,53116,53116,1,,1052,,1,Purchae of Reparing
1423,V-BELT,V-Belt,12,19304.28,19304.28,1608.69,,1053,,1608.69,Purchase of V-belt
1424,WEIGHING SCALE,Weighing Scale,7391.3,7391.3,7391.3,1,,1054,,1,Purchase of Weighing Scale
1425,18 W LED BATTERY WITH LED TUBE,18 w Led Battery with Led tube,18975,18975,18975,1,,1055,,1,Purchase of 18 w Led Battery with Led tube for Kality 1 & 2
1426,ELECTRIC MATERIAL,Electric Material,1,93541.6,93541.6,93541.6,,1056,,93541.6,Purchase of Electric Material
1427,STATIONARY,Stationary,31676.52,31676.52,36428,1,,1057,,1,Purchase of Statinary
1428,STATINARY MATERIALS,Statinary Materials,56478.26,56478.26,56478.26,1,,1058,,1,Purchase of Statinary Materials
1429,STATIONARY MATERIALS,Stationary Materials,25369.57,25369.57,25369.57,1,,1059,,1,Purchase of Stationary Materials
1430,PP BAGS 61*85,Pp Bags 61*85,23.78,713400,713400,30000,,1060,,30000,Purchase of Pp Bags 61*85
1431,SHOE LACE 1/95 WHITE,Shoe lace 1/95 white,590,295000,295000,500,Gross,1061,,500,Purchaes of Shoe lace 1/95 white
1431,SHOE LACE ROUND 4/86,Shoe lace Round 4/86,1100,330000,330000,300,Gross,1062,,300,Purchase of Shoe lace Round 4/86
1431,PPTAPE 12MM BLACK,PPTape 12Mm Black,4,200000,200000,50000,,1063,,50000,PPTape 12Mm Black
sc4721,EVA SHEET 7707,Eva sheet 7707,608.7,144870.6,144870.6,238,,1065,,238,
sc4722,RUBBER SOLE 190,Rubber sole 190,500,82610,82610,165.22,,1066,,165.22,
sc4725,SLIPPER CRUMBS,Slipper crumbs,7.83,13154.4,13154.4,1680,,1067,,1680,
sc4726,EVA SHEET 7707,Eva sheet 7707,608.7,176523,176523,290,,1068,,290,
sc4726,EVA SHEET 7707,Eva sheet 7707,608.7,176523,176523,290,,1069,,290,
sc4728,RUBBER SOLE 190,Rubber Sole 190,269.57,82488.42,82488.42,306,,1070,,306,
sc4729,SLIPPER CRUMBS,Slipper crumbs,7.83,14094,14094,1800,,1071,,1800,
sc4732,SLIPPER CRUMBS,Slipper crumbs,7.83,234900,234900,30000,,1072,,30000,
sc4734,RUBBER SOL 190,Rubber sol 190,269.57,94349.5,94349.5,350,,1073,,350,
sc4735,EVA SHEET 7707,Eva sheet 7707,608.7,284871.6,284871.6,468,,1074,,468,
sc4735,EVA SHEET 7707,Eva sheet 7707,608.7,284871.6,284871.6,468,,1075,,468,
sc4711,SLIPPER CRUMBS,Slipper crumbs,7.83,14720.4,14720.4,1880,,1043,,0,
1411,CALCIUM CARBONATE,Calcium Carbonate,12.1,605000,605000,50000,,1020,,20000,Purhcaes of Calcium Carbonate
sc4714,SLIPPER CRUMBS,Slipper crumbs,7.83,15190.2,15190.2,1940,,1046,,0,
sc4716,SLIPPER CRUMBS,Slipper crumbs,7.83,11901.6,11901.6,1520,,1048,,0,
sc4720,SLIPPER CRUMBS,Slipper Crumbs,7.83,27718.2,27718.2,3540,,1064,,0,
1432,DIGITAL TEMEPREATURE,Digital temepreature,9700,19400,19400,2,,1076,,2,Purchase of Digital temepreature
1433,PVC SOLE,Pvc Sole,1350,228919.5,228919.5,169.57,,1077,,169.57,Purchase of Pvc Sole
1434,PVC SOLE,Pvc Sole,140,140000,140000,1000,,1078,,1000,Purchase of Pvc Sole
1435,OUTER BOX 790*45*290,Outer Box 790*45*290,152.1,246402,246402,1620,,1079,,1620,Purchase of Outer Box 790*45*290
1436,BRAKE MASTER,Brake Master,45000,45000,45000,1,,1080,,1,Brake Master For P.N 3-65337
1437,BEARING 22216,Bearing 22216,12000,12000,12000,1,,1081,,1,Purchase of Bearing 22216
1438,PVC MEN SOLE MOLD,PVC Men Sole Mold,60500,60500,60500,1,,1082,,1,Purchase of PVC Men Sole Mold
1439,CLEANING MATERIALS,Cleaning Materials,18052.17,18052.17,18052.17,1,,1083,,1,Purchase of Cleaning Materials
1440,CLEANING MATERIALS,Cleaning Materials,35510.87,35510.87,35510.87,1,,1084,,1,Purchase of Cleaning Materials
1441,CALCIUM CARBONATE 90%,Calcium Carbonate 90%,11.4,570000,570000,50000,,1085,,50000,Purchase of Calcium Carbonate 90%
1442,GOAT SAFTEY,Goat Saftey,80,5040,5040,63,,1086,,63,Purchase of Goat Saftey for leather Shoes
1443,ADHESIVE,Adhesive,4156.52,4156.52,4156.52,1,,1087,,1,Purchase of Adhesive for Leather Shoes
1444,SHOES COMPONENT,Shoes Component,281.5,17734.5,17734.5,63,,1088,,63,Purchase of Shoes Component
1445,SHOE COMPONENT,Shoe Component,120,14160,14160,118,,1089,,118,Purchase of Shoe Component(cow Special Pullup TR)
1446,NATURAL RUBBER,Natural Rubber,295,5900000,5900000,20000,,1090,,20000,Purchase of Natural Rubber
1447,EMBOSSED WITH BALAC TR,Embossed with Balac TR,80,1600000,1600000,20000,Sqft,1091,,20000,Purchase of Embossed with Balac TR
1449,A GRADE HIGHLANDER LEATHER SHOE 1206,A grade Highlander Leather Shoe 1206,1069.57,8556.56,8556.56,8,Pair,1092,,8,Purchase of A grade Highlander Leather Shoe 1206
1449,A GRADE HIGHLANDER LEATHER SHOE 1226,A grade Highlander Leather Shoe 1226,1156.52,4626.08,4626.08,4,Pair,1093,,4,Purchase of A grade Highlander Leather Shoe 1226
1449,A GRADE HIGHLANDER LEATHER SHOE 1232,A grade Highlander Leather Shoe 1232,1156.52,4626.08,4626.08,4,Pair,1094,,4,Purchase of A grade Highlander Leather Shoe 1232
1449,A GRADE HIGHLANDER LEATHER SHOE 507,A grade Highlander Leather Shoe 507,1121.74,19069.58,19069.58,17,Pair,1095,,17,Purchase of A grade Highlander Leather Shoe 507
1449,A GRADE HIGHLANDER LEATHER SHOE 509,A grade Highlander Leather Shoe 509,1069.57,18182.69,18182.69,17,Pair,1096,,17,Purchase of A grade Highlander Leather Shoe 509
1449,A GRADE HIGHLANDER LEATHER SHOE 511,A grade Highlander Leather Shoe 511,1104.35,18773.95,18773.95,17,Pair,1097,,17,Purchase of A grade Highlander Leather Shoe 511
1449,A GRADE HIGHLANDER RUBBER SOLE SAFTEY SS005,A grade Highlander Rubber sole saftey ss005,1852.17,11113.02,11113.02,6,Pair,1098,,6,Purhcase of A grade Highlander Rubber sole saftey ss005
1450,36A TONER,36A Toner,1500,1500,1500,1,,1099,,1,Purchase of 36A Toner for Head office
1451,PVC RESIN,PVC Resin,156.52,8139040,8139040,52000,,1100,,52000,PVC Resin
1452,SHEEP LINING BEGIE,Sheep Lining Begie,34.78,695600,695600,20000,Sqft,1101,,20000,Purchase of Sheep Lining Begie
1452,SHEEP LINING BLACK,Sheep Lining Black,34.78,173900,173900,5000,Sqft,1102,,5000,Sheep Lining Black
1453,CLASER,Claser,21.74,2174,2174,100,,1103,,100,Purchase of Claser for Head office
1454,CUTTING DIE,Cutting Die,62300,62300,62300,1,,1104,,1,Purchase of Cutting Die
1455,TIRE 185/65,Tire 185/65,12500,50000,50000,4,,1105,,4,Purchase of Tire 185/65
1456,SHOELACE 4/135 BLACK,Shoelace 4/135 Black,1270,127000,127000,100,Gross,1106,,100,Purchase of Shoelace 4/135 Black
1457,CONTACTOR,Contactor,7500,7500,7500,1,Pcs,1107,,1,Purchase of Contactor for lift Line problem
1458,FUSE & CABLE,Fuse & Cable,3730.44,3730.44,3730.44,1,,1108,,1,Purchase of Fuse & Cable for Moha Plc 6 Transform
1459,ADHESIVE(EYELET),Adhesive(Eyelet),112,8064,8064,72,,1109,,72,Purchase ogf Adhesive(Eyelet)