vendor_name,PR_no,date,site_name,requested_by,approved_by,PR_total_price,remaining,PR_before_vat,status,payment_type,total_quantity,measurement_type,freight
NEW WAVE INDUSTRIES PLC,1279,2024-01-15,Kality,KAPIL,HARSH,675625,0,587500,approved,,50000,kgs,
Capital Stationary,1421,2024-07-01,Head Office,Tsedeniya,,4129.99,1,3591.3,approved,,1,,
VINA TRADE AND INDUSTRY,sc4515,2024-04-22,Kality 1,KAPIL,,14587.29,0,12684.6,approved,,1620,kgs,
VINA TRADE AND INDUSTRY,sc4423,2024-03-21,Kality 1,MILLION,HARSH,14587.29,0,12684.6,approved,credit,1620,kgs,
NEW WAVE INDUSTRIES PLC,1409,2024-07-04,Kality 1,KAPIL,,410550,0,357000,approved,,30000,kgs,
Girum Electrical,1370,2024-05-23,Heade office,Dawit,,40899.44,3,35564.73,approved,,3,pieces,
Semira Welechefo,1387,2024-07-04,Gelan 3,MUKESH,,22174.94,528,19282.56,approved,,528,pieces,
VINA TRADE AND INDUSTRY,sc4303,2024-02-12,Kality 1,KAPIL,HARSH,15847.92,0,13780.8,approved,credit,1760,kgs,
VINA TRADE AND INDUSTRY,Sc 4537,2024-05-04,Kality 1,KAPIL,,14227.11,1580,12371.4,approved,,1580,kgs,
SUNISH RAMENDRA SHAH,1397,2024-07-05,Kality 1,KAPIL,,3220,2,2800,approved,,2,pieces,
BATU TENNERY PLC,1418,2024-07-06,Gelan,MUKESH,,74750,5000,65000,approved,,5000,,
VINA TRADE AND INDUSTRY,sc4444,2024-03-06,Kality 1,KAPIL,HARSH,15307.65,0,13311,approved,credit,1700,kgs,
VINA TRADE AND INDUSTRY,sc4456,2024-03-13,Kaity 1,KAPIL,,12066.03,0,10492.2,approved,credit,1340,kgs,
SUNISH RAMENDRA SHAH,1351,2024-04-26,Gelan,MUKESH,HARSH,13800,1,12000,approved,,1,pieces,
VINA TRADE AND INDUSTRY,sc4521,2024-04-26,Kality 1,KAPIL,,13326.66,0,11588.4,approved,,1480,kgs,
Samuel Niqussie wondimu,1334,2024-03-22,Kality 1,KAPIL,,4140,1,3600,approved,,1,pieces,
Yared Bizuwork Debebe,1336,2024-03-26,3-67129,Setegne,,17000,1,14782.61,approved,,1,pieces,
VINA TRADE AND INDUSTRY,sc4117,2023-09-06,Kality,KAPIL,HARSH,46823.4,2820,40716,approved,,5200,kgs,
Sahlan PLC,1353,2024-05-02,Kality,KAPIL,,110499.53,85,96086.55,approved,,85,,
Estifanos Kidanie,1362,2024-05-20,Kality 1,KAPIL,,59915,1,52100,approved,,1,pieces,
AZJ General Trading PLC,1346,2024-04-15,Head Office,KAPIL,,17600,1,15304.35,approved,,1,pieces,
VINA TRADE AND INDUSTRY,sc4497,2024-04-12,Kality 1,KAPIL,,12966.48,7.83,11275.2,approved,,7.83,kgs,
VINA TRADE AND INDUSTRY,sc4468,2024-03-19,Kality 1,KAPIL,HARSH,12606.3,0,10962,approved,,1400,kgs,
VINA TRADE AND INDUSTRY,sc4581,2024-05-24,Kality 1,KAPIL,,28454.22,0,24742.8,approved,,3160,kgs,
VINA TRADE AND INDUSTRY,Sc4622,2024-06-13,Kality  1,KAPIL,,16208.1,0,14094,approved,,1800,kgs,
VINA TRADE AND INDUSTRY,sc4624,2024-06-14,Kality 1,KAPIL,HARSH,18909.45,0,16443,approved,,2100,kgs,
VINA TRADE AND INDUSTRY,sc4645,2024-06-26,Kality 1,KAPIL,,29354.67,0,25525.8,approved,,3260,kgs,
,sc4112,2023-11-11,Gellan,MILLION,HARSH,48249.71,193,41956.27,approved,,193,kgs,
VINA TRADE AND INDUSTRY,sc4407,2024-03-14,Gellan,MILLION,HARSH,269501.93,0,234349.5,approved,credit,385,kgs,
VINA TRADE AND INDUSTRY,sc4695,2024-07-06,Kality 1,KAPIL,,16208.1,0,14094,approved,,1800,kgs,
VINA TRADE AND INDUSTRY,cs4031,2023-07-27,Kality 1,KAPIL,HARSH,62000.34,0,53913.34,approved,,62,kgs,
VINA TRADE AND INDUSTRY,Sc4598,2024-06-03,Kality 1,KAPIL,,405999.9,1536.13,353043.39,approved,,1739.13,kgs,
VINA TRADE AND INDUSTRY,Sc4568,2024-05-20,Gellan,MILLION,,167000.92,0,145218.19,approved,,167,kgs,
VINA TRADE AND INDUSTRY,Sc4552,2024-06-13,Kality 1,Kapli,,129500.93,0,112609.5,approved,,185,kgs,
VINA TRADE AND INDUSTRY,sc4096,2023-08-29,Gelan,MILLION,HARSH,595999.85,0,518260.74,approved,,298,kgs,
DLM PLC,1198,2024-07-06,Gelan,MUKESH,,298252.5,-0.6,247000,approved,,1300,,
BEEMENET BEARING & OIL SEAL SHOP,1404,2024-07-06,Kality 1,KAPIL,,10350,3,9000,approved,,3,pieces,
VINA TRADE AND INDUSTRY,sc4675,2024-07-06,Gellan,MILLION,,41249.75,165,35869.35,approved,,165,kgs,
Tegegn & Friends Metal Work P/ship,1197,2023-08-24,PLC3,MUKESH,,57385,46,49900,approved,,46,pieces,
VINA TRADE AND INDUSTRY,sc4720,2024-07-06,Kality 1,KAPIL,,31875.93,0,27718.2,approved,,3540,kgs,
VINA TRADE AND INDUSTRY,sc4711,2024-06-08,Kality 1,KAPIL,,16928.46,0,14720.4,approved,,1880,kgs,
Sahlan PLC,1449,2024-07-06,Gelan,MUKESH,,97690.14,73,84947.96,Pending,,73,pieces,
AGRAPH TRADING PLC,1429,2024-07-06,Kality 1 & 2,KAPIL,,29175.01,1,25369.57,approved,,1,pieces,
VINA TRADE AND INDUSTRY,sc4734,2024-07-06,Kality 1,KAPIL,,108501.93,350,94349.5,approved,,350,kgs,
Hana,1432,2024-07-08,Gelan,MUKESH,,22310,2,19400,Pending,,2,pieces,
EDMS TRADING PLC,1440,2024-07-08,Kality 1 & 2,KAPIL,,40837.5,1,35510.87,Pending,,1,pieces,
Electro Commercial S.co,1455,2024-07-08,P.N 3-01723,Setegne,,57500,4,50000,Pending,,4,pieces,
SUNISH RAMENDRA SHAH,1352,2024-04-26,Gelan,MUKESH,HARSH,7590,1,6600,approved,,1,pieces,
VINA TRADE AND INDUSTRY,Sc4537,2024-05-04,Kality 1,KAPIL,,14227.11,0,12371.4,approved,,1580,kgs,
VINA TRADE AND INDUSTRY,sc4298,2023-11-21,Kality 1,KAPIL,HARSH,420003,0,365220,approved,,600,kgs,
VINA TRADE AND INDUSTRY,sc4393,2024-02-07,Kality 1,KAPIL,HARSH,14407.2,1600,12528,approved,credit,1600,kgs,
VINA TRADE AND INDUSTRY,sc4425,2024-02-22,Kality 1,KAPIL,HARSH,15127.56,0,13154.4,approved,credit,1680,kgs,
VINA TRADE AND INDUSTRY,sc4446,2024-03-07,Kality 1,KAPIL,HARSH,27913.95,0,24273,approved,credit,3100,kgs,
VINA TRADE AND INDUSTRY,sc4408,2024-02-14,Kality 1,KAPILl,HARSH,16568.28,0,14407.2,approved,credit,1840,kgs,
Century Compact,1354,2024-05-08,Alemegena,KAPIL,,13743374,1,11950760,approved,,1,,
Bhavin Ramendera shah,1363,2024-05-20,Kality 1,KAPIL,,3450,3,3000,approved,,3,pieces,
Eltrade,1405,2024-07-08,3-12953,KAPIL,,16000,2,13913.04,approved,,2,meters,
Habtom Hailemariam,1347,2024-04-15,Gelan,KAPIL,,149999.67,0,130434.5,approved,,70,pieces,
VINA TRADE AND INDUSTRY,sc4471,2024-03-20,Gellan,MILLION,HARSH,4999.97,10,4347.8,approved,credit,10,kgs,
VINA TRADE AND INDUSTRY,sc4676,2024-07-08,Gellan,MILLION,,977999.76,0,850434.57,approved,,489,kgs,
Tegegn & Friends Metal Work P/ship,1327,2024-03-12,Gelan,MUKESH,,6440,0,5600,approved,,2,pieces,
Girum Erimias Girma,1335,2024-03-22,Kality 1,KAPIL,,6601,1,5740,approved,,1,pieces,
Capital Stationary,1337,2024-03-27,Head Office,Melal,,17464,1,15186.09,approved,,1,,
VINA TRADE AND INDUSTRY,sc4458,2024-03-14,Gelan,MILLION,,81000.45,0,70435.17,approved,credit,81,kgs,
Ethio Leather Industry PLC,1183,2023-08-17,Gellan 3,MUKESH,HARSH,725535,0,630900,approved,,1800,,
Selamawit Meberatu Atress,1345,2024-04-11,Kality 1,KAPIL,,7840240,40000,6817600,approved,,40000,kgs,
VINA TRADE AND INDUSTRY,sc4104,2023-11-01,Gelan,MILLION,HARSH,144000.79,0,125218.08,approved,,144,kgs,
VINA TRADE AND INDUSTRY,sc4500,2024-04-15,Kality 1,KAPIL,,92926.44,0,80805.6,approved,,10320,kgs,
Yisek,1433,2024-07-08,Gelan,MUKESH,,263257.42,169.57,228919.5,Pending,,169.57,,
VINA TRADE AND INDUSTRY,sc4517,2024-04-23,Kality 1,KAPIL,,13506.75,0,11745,approved,,1500,kgs,
Modern Automotive,1371,2024-05-23,Kality 3,MUKESH,,9900.01,1,8608.7,approved,,1,pieces,
Ethio Asian,1389,2024-07-08,Gelan Site,MUKESH,,119507.6,55,103919.65,approved,,55,pieces,
Senbete Construction PLC,1410,2024-07-08,Kality 1,KAPIL,,1709732.6,0,1486724,approved,,5480,kgs,
VINA TRADE AND INDUSTRY,sc4685,2024-07-08,Kality 1,KAPIL,,16028.01,0,13937.4,approved,,1780,,
VINA TRADE AND INDUSTRY,Sc4522,2024-04-26,Kality 1,KAPIL,,11705.85,0,10179,approved,,1300,kgs,
EDMS,1399,2024-07-08,Kality 1 & 2,KAPIL,,32299.98,19,28086.94,approved,,19,,
VINA TRADE AND INDUSTRY,sc4700,2024-07-09,Kality 1,KAPIL,,16208.1,0,14094,approved,,1800,kgs,
VINA TRADE AND INDUSTRY,Sc4584,2024-06-25,Kality 1,KAPIL,,13506.75,0,11745,approved,,1500,kgs,
VINA TRADE AND INDUSTRY,Sc4599,2024-06-03,Kality 1,KAPIL,,16208.1,0,14094,approved,,1800,kgs,
VINA TRADE AND INDUSTRY,Sc4553,2024-05-13,Kality 1,KAPIL,,13506.75,0,11745,approved,,7.83,kgs,
VINA TRADE AND INDUSTRY,Sc 4570,2024-05-21,Kality 1,KAPIL,,42321.15,0,36801,approved,,4700,kgs,
VINA TRADE AND INDUSTRY,sc4626,2024-06-15,Kality 1,KAPIL,HARSH,16928.46,0,14720.4,approved,,1880,kgs,
VINA TRADE AND INDUSTRY,sc4646,2024-06-26,Kality 1,KAPIL,,31155.57,0,27091.8,approved,,3460,kgs,
VINA TRADE AND INDUSTRY,sc4212,2023-11-11,Kality,MUKESH,,48249.71,0,41956.27,approved,,193,,
DLM PLC,1123,2023-06-27,Gelan,MUKESH,,642993.75,0,532500,approved,,200500,,
NEW WAVE INDUSTRIES PLC,1441,2024-07-09,Kality 1,KAPIL,,655500,50000,570000,Pending,,50000,kgs,
Hepack Pp Bag Manufacturing,1430,2024-07-09,Kality,KAPIL,,820410,30000,713400,approved,,30000,pieces,
VINA TRADE AND INDUSTRY,sc4712,2024-07-12,Gellan,MILLION,,263504.67,850,229134.5,approved,,850,kgs,
VINA TRADE AND INDUSTRY,sc4721,2024-07-12,Gellan,MILLION,,166601.19,238,144870.6,approved,,238,kgs,
VINA TRADE AND INDUSTRY,sc4735,2024-07-12,Kality 1,KAPIL,,327602.34,468,284871.6,approved,,468,kgs,
Girum Erimias Girma,1422,2024-07-12,Kality,KAPIL,,61083.4,1,53116,approved,,1,pieces,
SUNISH RAMENDRA SHAH,1450,2024-07-12,Head Office,Alem,,1725,1,1500,Pending,,1,pieces,
DLM PLC,1456,2024-07-13,Gelan,MUKESH,,153352.5,100,127000,Pending,,100,,
VINA TRADE AND INDUSTRY,sc4459,2024-03-20,Gelan,MILLION,,107249.36,0,93260.31,approved,credit,429,kgs,
Elfro Import,1151,2023-07-31,Alemegena,Seble,HARSH,62999.97,6,54782.58,rejected,,6,,
Elifro,1157,2023-08-03,Alemgena,KAPIL,HARSH,7475,1,6500,rejected,,1,,
VINA TRADE AND INDUSTRY,sc4088,2023-08-26,Gelan,MILLION,HARSH,120000.66,0,104348.4,approved,,120,kgs,
Semira Welechefo,1388,2024-07-13,Kality 1,KAPIL,,147628.03,2860,128372.2,approved,,2860,pieces,
Berta Mechanical & Industrial Group PLC,1406,2024-07-15,Kality 1,KAPIL,,28500,1,24782.61,approved,,1,pieces,
VINA TRADE AND INDUSTRY,sc4428,2024-02-24,Kality 1,KAPIL,HARSH,14047.02,0,12214.8,approved,credit,1560,kgs,
VINA TRADE AND INDUSTRY,sc4447,2024-03-07,Kality 1,KAPIL,HARSH,13866.93,0,12058.2,approved,credit,1540,kgs,
VINA TRADE AND INDUSTRY,sc4410,2024-02-15,Kality 1,KAPIL,HARSH,26293.14,0,22863.6,approved,credit,2920,kgs,
Ethio Asian,1390,2024-07-15,Kality 1 & 2,KAPIL,,58493.83,28,50864.2,approved,,28,,
SUNISH RAMENDRA SHAH,1328,2024-03-15,Head Office,Alem,,8970,1,7800,approved,,1,pieces,
VINA TRADE AND INDUSTRY,sc4658,2024-07-15,Kality 1,KAPIL,,17108.55,1900,14877,approved,,1900,kgs,
,1372,2024-05-23,Gellan,MUKESH,,7199,2,6260,approved,,2,pieces,
VINA TRADE AND INDUSTRY,Sc 4525,2024-04-27,Kality 1,KAPIL,,12606.3,1400,10962,approved,,1400,kgs,
Capital Stationary,1348,2024-04-22,Head office,Melale,,14300,1,12434.78,approved,,1,pieces,
VINA TRADE AND INDUSTRY,sc4678,2024-07-15,Kality 1,KAPIL,,15487.74,0,13467.6,approved,,1720,kgs,
VINA TRADE AND INDUSTRY,sc4472,2024-03-21,Kality 1,KAPIL,HARSH,14047.02,0,12214.8,approved,,1560,kgs,
VINA TRADE AND INDUSTRY,sc4627,2024-06-15,Gelan,MILLION,HARSH,166000.91,703.57,144348.62,approved,,869.57,kgs,
VINA TRADE AND INDUSTRY,sc4688,2024-07-16,Kality 1,KAPIL,,15307.65,0,13311,approved,,1700,kgs,
BEEMENET BEARING & OIL SEAL SHOP,1365,2024-05-21,Kality,KAPIL,,21850,1,19000,approved,,1,pieces,
VINA TRADE AND INDUSTRY,sc4501,2024-04-15,Kality 1,KAPIL,,36378.18,0,31633.2,approved,,4040,kgs,
Selamawit Meberatu Atress,1451,2024-07-18,Kality 2,HARSH,,9359896,52000,8139040,Pending,,52000,kgs,
,1411,2024-07-22,Kality 1,KAPIL,,695750,20000,605000,approved,,50000,kgs,
VINA TRADE AND INDUSTRY,Sc4555,2024-05-14,Kality 1,KAPIL,,27193.59,0,23646.6,approved,,3020,kgs,
DLM PLC,1291,2024-01-24,Gelan,MUKESH,,262.2,0,228,approved,,1.2,,
VINA TRADE AND INDUSTRY,sc4527,2024-04-27,Kality 1,KAPIL,,52226.1,0,45414,approved,,5800,kgs,
VINA TRADE AND INDUSTRY,Sc4574,2024-05-22,Kality 1,KAPIL,,42681.33,0,37114.2,approved,,4740,kgs,
VINA TRADE AND INDUSTRY,sc4703,2024-07-22,Kality 1,KAPIL,,15847.92,0,13780.8,approved,,1760,kgs,
VINA TRADE AND INDUSTRY,Sc4539,2024-05-04,Kality 1,KAPIL,,13686.84,0,11901.6,approved,,1520,kgs,
NEW WAVE INDUSTRIES PLC,1338,2024-04-05,Kality 1,KAPIL,,1351250,0,1175000,approved,,100000,kgs,
VINA TRADE AND INDUSTRY,Sc4586,2024-06-27,Kaity 1,KAPIL,,28814.4,0,25056,approved,,3200,kgs,
VINA TRADE AND INDUSTRY,sc4007,2023-07-13,Gelan,KAPIL,HARSH,253401.81,0,220349.4,approved,,362,kgs,
Kadisco Paint & Adhesive Industry,1355,2024-05-11,Gelan,MUKESH,,108731.06,0,94548.75,approved,,225,meters,
VINA TRADE AND INDUSTRY,Sc4604,2024-06-05,Kality 1,KAPIL,,15487.74,0,13467.6,approved,,1720,kgs,
VINA TRADE AND INDUSTRY,sc4648,2024-06-27,Kality 1,KAPIL,,15307.65,0,13311,approved,,1700,kgs,
VINA TRADE AND INDUSTRY,sc4395,2024-02-08,Gellan,MILLION,HARSH,7499.95,0,6521.7,approved,credit,30,kgs,
DLM PLC,1431,2024-07-23,Gelan,MUKESH,,996187.5,50800,825000,approved,,50800,,
VINA TRADE AND INDUSTRY,sc4713,2024-07-23,Gellan,MILLION,,32200.23,46,28000.2,approved,,46,kgs,
Jelaram ESDEE Manufacturing PLC,1317,2024-02-26,Gelan,MUKESH,,12026.01,6,10457.4,approved,,6,,
VINA TRADE AND INDUSTRY,sc4722,2024-07-24,Gellan,MILLION,,95001.5,165.22,82610,approved,,165.22,kgs,
Atereshewal Tekele Techno Building Materials shop,1423,2024-07-24,Kality 2,KAPIL,,22199.92,1,19304.28,approved,,1,pieces,
Bhavin Ramendera shah,1457,2024-07-25,Head Office,HARSH,,8625,1,7500,Pending,,1,pieces,
Elesabet & Tadele,1434,2024-07-25,Gelan,MUKESH,,161000,1000,140000,Pending,,1000,,
Senayit Gebregiabeher,1442,2024-07-25,Gelan,MUKESH,,5796,63,5040,Pending,,63,pieces,
VINA TRADE AND INDUSTRY,sc4714,2024-07-25,Kality 1,KAPIL,,17468.73,0,15190.2,approved,,1940,kgs,
VINA TRADE AND INDUSTRY,sc4331,2024-01-04,Gelan,MUKESH,,82000.45,0,71304.74,approved,,82,,
VINA TRADE AND INDUSTRY,sc4430,2024-02-26,Kality 1,KAPIL,HARSH,14407.2,0,12528,approved,credit,1600,kgs,
Ethio india Packaging PLC,1339,2024-04-05,Kality 1 & 2,KAPIL,,741750,0,645000,approved,,30000,pieces,
VINA TRADE AND INDUSTRY,sc4451,2024-03-11,Kality 1,KAPIL,HARSH,15847.92,0,13780.8,approved,credit,1760,kgs,
Solfet security Tecnology PLC,1329,2024-03-16,Kality 1 & 2,KAPIL,,351556.81,1,305701.57,approved,,1,pieces,
VINA TRADE AND INDUSTRY,sc4540,2024-05-06,Kality 1,KAPIL,,12966.48,1440,11275.2,approved,,1440,kgs,
VINA TRADE AND INDUSTRY,sc4725,2024-07-25,Kality 1,KAPIL,,15127.56,1680,13154.4,approved,,1680,kgs,
Bahvin Ramendra Shah,1366,2024-05-21,Gelan,MUKESH,,2760,1,2400,approved,,1,pieces,
AGRAPH TRADING PLC,1373,2024-05-27,Kality 1 & 2,KAPIL,,4307.97,1,3746.06,approved,,1,pieces,
GYC Trading,1424,2024-07-25,Kality 2,KAPIL,,8500,1,7391.3,approved,,1,,
Yared Bizuwork Debebe,1412,2024-07-25,Head Office,KAPIL,,33499.99,1,29130.43,approved,,1,pieces,
VINA TRADE AND INDUSTRY,sc4690,2024-07-29,Gelan 1,MILLION,,455003.25,650,395655,approved,,650,,
VINA TRADE AND INDUSTRY,sc4461,2024-03-15,Kality 1,KAPIL,,14047.02,0,12214.8,approved,credit,1560,kgs,
BEEMENET BEARING & OIL SEAL SHOP,1209,2023-09-14,Kality 2,Priyesh,HARSH,17480,1,15200,approved,,1,pieces,
Ethio india Packaging PLC,1356,2024-05-13,Kality 1 & 2,KAPIL,,61812.5,0,53750,approved,,2500,pieces,
VINA TRADE AND INDUSTRY,Sc4558,2024-05-16,Kality 1,KAPIL,,12246.12,0,10648.8,approved,,1360,kgs,
VINA TRADE AND INDUSTRY,Sc4587,2024-05-26,Kality 1,KAPIL,,3889.94,0,3382.56,approved,,432,kgs,
VINA TRADE AND INDUSTRY,sc4651,2024-06-29,Kality 1,KAPIL,,13146.57,0,11431.8,approved,,1460,kgs,
VINA TRADE AND INDUSTRY,sc4396,2024-02-08,Gellan,MILLION,HARSH,225001.24,0,195653.25,approved,credit,225,kgs,
VINA TRADE AND INDUSTRY,sc4525,2024-04-27,Kality 1,KAPIL,HARSH,12606.3,0,10962,approved,,1400,kgs,
VINA TRADE AND INDUSTRY,Sc4526,2024-04-27,Kality 1,KAPIL,,14227.11,0,12371.4,approved,,1580,kgs,
VINA TRADE AND INDUSTRY,sc4679,2024-07-29,Kality 1,KAPIL,,17468.73,0,15190.2,approved,,1940,kgs,
VINA TRADE AND INDUSTRY,sc4628,2024-06-15,Gellan,MILLION,HARSH,39499.76,158,34347.62,approved,,158,kgs,
Eco Packaging,1435,2024-07-30,Gelan,MUKESH,,283362.3,1620,246402,Pending,,1620,pieces,
VINA TRADE AND INDUSTRY,Sc4606,2024-06-06,Gellan,MILLION,,117999.97,1680.13,102608.67,approved,,1739.13,kgs,
Eva sheet 7707,sc4575,2024-05-22,Gellan,MILLION,,111300.79,0,96783.3,approved,,159,kgs,
Jelaram ESDEE Manufacturing PLC,1349,2024-04-23,Gelan,MUKESH,,30130,0,26200,approved,,50,kgs,
VINA TRADE AND INDUSTRY,sc4503,2024-04-16,Kality 1,KAPIL,,49999.7,0,43478,approved,,200,kgs,
VINA TRADE AND INDUSTRY,sc4475,2024-03-22,Gellan,MILLION,HARSH,268001.47,601.57,233044.76,approved,credit,869.57,kgs,
EDMS Trading,1400,2024-07-31,Gelan Site,MUKESH,,52699.97,31,45826.06,approved,,31,,
Lio Duo Plastic Manufacturing,1207,2023-09-14,Gellan,MUKESH,HARSH,1753750,0,1525000,approved,,5000,,
Tibeb Stidio,1407,2024-08-01,Head Office,KAPIL,,1150,1,1000,approved,,1,pieces,
VINA TRADE AND INDUSTRY,sc4704,2024-08-01,Kaity 1,KAPIL,,38359.17,0,33355.8,approved,,4260,kgs,
Tegegn & Friends Metal Work P/ship,1391,2024-08-01,Gelan Site,MUKESH,,6900,0,6000,approved,,4,pieces,
VINA TRADE AND INDUSTRY,sc4661,2024-08-01,Gellan,MILLION,,609999.85,0,530434.65,approved,,1739.13,kgs,
VINA TRADE AND INDUSTRY,sc4412,2024-02-16,Gellan,MILLION,HARSH,311502.22,163.7,270871.5,approved,credit,608.7,kgs,
Majic Printing & Advertisizing,1443,2024-08-02,Gelan,MUKESH,,4780,1,4156.52,Pending,,1,pieces,
COLBA TANNERY PLC,1452,2024-08-03,Gelan,MUKESH,,999925,25000,869500,Pending,,25000,,
Girum Erimias Girma,1458,2024-08-03,Mohan 6,Push,,4290.01,1,3730.44,Pending,,1,pieces,
Capital Stationary,1402,2024-08-03,Head office,Tsedeniya,,43370,1,37713.04,approved,,1,pieces,
Mihret Defie Gebresilasei,1367,2024-05-21,Kality 2,KAPIL,,2530,1,2200,approved,,1,pieces,
Elfora,1374,2024-05-29,Kality Warhouse,KAPIL,,21735,3,18900,approved,,3,pieces,
Kadisco Paint & Adhesive Industry,1408,2024-08-03,Gelan Site,MUKESH,,79151.63,130,68827.5,approved,,130,meters,
VINA TRADE AND INDUSTRY,sc4705,2024-08-06,Kality 1,KAPIL,,29714.85,0,25839,approved,,3300,kgs,
VINA TRADE AND INDUSTRY,sc4397,2024-02-08,Kality 1,KAPIL,HARSH,15667.83,0,13624.2,approved,credit,1740,kgs,
VINA TRADE AND INDUSTRY,sc4433,2024-01-27,Kality 1,KAPIL,HARSH,15127.56,0,13154.4,approved,credit,1680,kgs,
Ethio india Packaging PLC,1281,2024-01-15,Kality 1 & 2,KAPIL,HARSH,659985,15000,573900,approved,,30000,pieces,
VINA TRADE AND INDUSTRY,sc4453,2024-03-12,Kality 1,KAPIL,HARSH,13866.93,0,12058.2,approved,credit,1540,kgs,
VINA TRADE AND INDUSTRY,Sc4589,2024-05-29,Kality 1,KAPIL,,14227.11,0,12371.4,approved,,1580,kgs,
VINA TRADE AND INDUSTRY,Sc 4527,2024-06-27,Kality 1,KAPIL,,52226.1,0,45414,approved,,5800,kgs,
VINA TRADE AND INDUSTRY,Sc4542,2024-05-07,Kality 1,KAPIL,,42861.42,0,37270.8,approved,,4760,kgs,
VINA TRADE AND INDUSTRY,sc4682,2024-08-06,Gellan 1,MILLION,,319999.92,160,278260.8,approved,,160,kgs,
VINA TRADE AND INDUSTRY,Sc4607,2024-06-06,Kality 1,KAPILl,,29714.85,0,25839,approved,,3300,kgs,
Ethio Nippon Techincal Company S.Co,1377,2024-06-06,Gelan,MUKESH,HARSH,44876,1,39022.61,approved,,1,pieces,
VINA TRADE AND INDUSTRY,sc4662,2024-08-06,Gellan,MILLION,,28000.15,0,24347.96,approved,,28,kgs,
DLM PLC,1350,2024-04-23,Gelan,MUKESH,,87543.75,0,72500,approved,,50000,meters,
VINA TRADE AND INDUSTRY,sc4463,2024-03-16,Kality 1,KAPIL,,14227.11,0,12371.4,approved,credit,7.83,kgs,
VINA TRADE AND INDUSTRY,sc4476,2024-03-22,Kality 1,KAPIL,HARSH,14227.11,0,12371.4,approved,,1580,kgs,
SUNISH RAMENDRA SHAH,1357,2024-05-13,Kality 1,KAPIL,,26000.06,1,22608.75,approved,,1,pieces,
VINA TRADE AND INDUSTRY,sc4631,2024-06-17,Kality 1,Kality 1,HARSH,41780.88,0,36331.2,approved,,4640,kgs,
VINA TRADE AND INDUSTRY,sc4616,2024-08-06,Kality 1,KAPIL,,13686.84,1520,11901.6,approved,,1520,kgs,
VINA TRADE AND INDUSTRY,sc4652,2024-08-07,Kality 1,KAPIL,,22331.16,0,19418.4,approved,,2480,kgs,
VINA TRADE AND INDUSTRY,sc4205,2023-11-09,Gellan,MILLION,HARSH,70000.5,0,60870,approved,,100,kgs,
VINA TRADE AND INDUSTRY,sc4413,2024-02-16,Gellan,MILLION,HARSH,35499.79,0,30869.38,approved,credit,142,kgs,
VINA TRADE AND INDUSTRY,sc4330,2024-01-04,Gelan,MUKESH,,1303999.67,0,1133912.76,approved,,652,,
Wagaye Alemu,1459,2024-08-07,Gelan,MUKESH,,9273.6,72,8064,Pending,,72,kgs,
VINA TRADE AND INDUSTRY,Sc4576,2024-05-22,Gellan,MILLION,,112000.62,0,97391.84,approved,,112,kgs,
VINA TRADE AND INDUSTRY,Sc4560,2024-05-17,Gellan,MILLION,,123999.97,0,107826.06,approved,,62,kgs,
KANORIA AFRICA TEXTILE PLC,1413,2024-08-08,Gelan Site,MUKESH,,905625,3000,750000,approved,,3000,meters,
VINA TRADE AND INDUSTRY,sc4505,2024-04-17,Gellan,MILLION,,669999.83,1404.13,582608.55,approved,,1739.13,kgs,
Kadisco Paint & Adhesive Industry,1217,2023-10-09,Gellan,MUKESH,HARSH,256699.26,0,223216.75,approved,,205,,
VINA TRADE AND INDUSTRY,sc4691,2024-08-08,Gellan 1,MILLION,,16249.9,65,14130.35,approved,,65,,
DLM PLC,1392,2024-08-08,Gelan Site,MUKESH,,166750,100000,145000,approved,,100000,meters,
DLM PLC,1340,2024-04-05,Gelan,MUKESH,,166750,0,145000,approved,,100000,meters,
Elfro Import,1425,2024-08-09,Kality 1 & 2,KAPIL,,21821.25,1,18975,approved,,1,pieces,
VINA TRADE AND INDUSTRY,sc4726,2024-08-09,Kality 1,KAPIL,,203001.45,290,176523,approved,,290,kgs,
Abreham Tatek Motors Import,1436,2024-08-10,3-65337,MUKESH,,51750,1,45000,Pending,,1,pieces,
,1444,2024-08-10,Gelan,MUKESH,,21414.41,63,17734.5,Pending,,63,meters,
Capital Stationary,1453,2024-08-13,Head Office,Tsedeniya,,2500.1,100,2174,Pending,,100,pieces,
VINA TRADE AND INDUSTRY,Sc4546,2024-05-10,Kality 1,KAPIL,,13506.75,0,11745,approved,,1500,kgs,
VINA TRADE AND INDUSTRY,Sc4591,2024-05-30,Kality 1,KAPIL,,39259.62,0,34138.8,approved,,4360,kgs,
VINA TRADE AND INDUSTRY,Sc4608,2024-06-06,Kality 1,Kality 1,,20350.17,0,17695.8,approved,,2260,kgs,
Natural Rubber,1375,2024-05-31,Kality 1,KAPIL,,8625000,10,7500000,approved,,30000,kgs,
VINA TRADE AND INDUSTRY,sc4398,2024-02-08,Kality 1,KAPIL,HARSH,40700.34,0,35391.6,approved,credit,4520,kgs,
VINA TRADE AND INDUSTRY,sc4414,2024-02-16,Kality 1,KAPIL,HARSH,14587.29,0,12684.6,approved,credit,1620,kgs,
VINA TRADE AND INDUSTRY,sc4434,2024-02-27,Kality 1,KAPIL,HARSH,41780.88,0,36331.2,approved,credit,4640,kgs,
VINA TRADE AND INDUSTRY,sc4454,2024-02-12,Kality 1,KAPIL,HARSH,14407.2,0,12528,approved,credit,1600,kgs,
VINA TRADE AND INDUSTRY,sc4707,2024-08-13,Kality 1,KAPIL,,13506.75,0,11745,approved,,1500,kgs,
Solfet security Tecnology PLC,1330,2024-03-16,Gelan,MUKESH,,947423,1,823846.09,approved,,1,pieces,
Bold Printing & Adverising,1368,2024-05-21,Head Office,KAPIL,,45712.5,1,39750,approved,,1,pieces,
VINA TRADE AND INDUSTRY,Sc 4529,2024-04-29,Kality 1,KAPIL,,12966.48,1440,11275.2,approved,,1440,kgs,
VINA TRADE AND INDUSTRY,sc4635,2024-06-19,kAlity 1,KAPIL,HARSH,14947.47,0,12997.8,approved,,1660,,
SH Tyre and Battery,1341,2024-04-06,3-65337,KAPIL,,40300,1,35043.48,approved,,1,pieces,
VINA TRADE AND INDUSTRY,sc4655,2024-08-13,Gelan,MILLION,,579999.85,0,504347.7,approved,,290,pieces,
BEEMENET BEARING & OIL SEAL SHOP,1378,2024-06-08,Kality 1,KAPIL,HARSH,10350,3,9000,approved,,3,pieces,
VINA TRADE AND INDUSTRY,sc4465,2024-03-18,Kality 1,KAPIL,HARSH,13686.84,0,11901.6,approved,,1520,kgs,
VINA TRADE AND INDUSTRY,sc4479,2024-03-25,Kality 1,KAPIL,HARSH,13866.93,0,12058.2,approved,,1540,kgs,
VINA TRADE AND INDUSTRY,sc4508,2024-04-18,Kality 1,KAPIL,,13506.75,0,11745,approved,,1500,kgs,
SUNISH RAMENDRA SHAH,1358,2024-05-13,Kality 1,KAPIL,,17480,1,15200,approved,,1,pieces,
VINA TRADE AND INDUSTRY,sc4310,2023-12-27,Gelan,MUKESH,,149999.96,0,130434.75,approved,,75,,
VINA TRADE AND INDUSTRY,Sc4577,2024-05-22,Gellan,MILLION,,255999.94,0,222608.64,approved,,128,kgs,
VINA TRADE AND INDUSTRY,Sc4561,2024-05-17,Gellan,MILLION,,34300.25,0,29826.3,approved,,49,kgs,
VINA TRADE AND INDUSTRY,sc4489,2024-04-08,Gellan,MILLION,,18499.89,0,16086.86,approved,,74,kgs,
VINA TRADE AND INDUSTRY,sc4716,2024-08-13,Kality 1,KAPIL,,13686.84,0,11901.6,approved,,1520,kgs,
Girum Erimias Girma,1426,2024-08-14,Kality 1 & 2,KAPIL,,107572.84,93541.6,93541.6,approved,,93541.6,pieces,
Nigussie Electric Solution,1382,2024-06-24,Gelan,MUKESH,,44850,1,39000,approved,,1,pieces,
DLM PLC,1393,2024-08-15,Gelan Site,MUKESH,,166750,100000,145000,approved,,100000,meters,
VINA TRADE AND INDUSTRY,sc4728,2024-08-16,Kality 1,KAPIL,,94861.68,306,82488.42,approved,,306,kgs,
Ethio india Packaging PLC,1414,2024-08-16,Kality 1,KAPIL,,370875,15000,322500,approved,,15000,pieces,
VINA TRADE AND INDUSTRY,sc4663,2024-08-17,Kality 1,KAPIL,,17108.55,0,14877,approved,,1900,kgs,
BEEMENET BEARING & OIL SEAL SHOP,1437,2024-08-17,Kality 1,KAPIL,,13800,1,12000,Pending,,1,pieces,
VINA TRADE AND INDUSTRY,sc4693,2024-08-19,Kality 1,Kality,,29174.58,0,25369.2,approved,,3240,,
BATU TENNERY PLC,1445,2024-08-19,Gelan,MUKESH,,16284,118,14160,Pending,,118,,
Tegegn & Friends Metal Work P/ship,1454,2024-08-19,Gelan,MUKESH,,71645,1,62300,Pending,,1,pieces,
VINA TRADE AND INDUSTRY,sc4259,2023-12-02,Kality 1,KAPIL,HARSH,13506.75,0,11745,approved,,1500,kgs,
Electoro Commercial S.co,1369,2024-05-22,3-B01723,Setegne,,9570.3,1,8322,approved,,1,pieces,
VINA TRADE AND INDUSTRY,Sc4578,2024-05-22,Kality 1,KAPIL,,14227.11,0,12371.4,approved,,1580,kgs,
VINA TRADE AND INDUSTRY,sc4637,2024-06-20,Kality 1,KAPIL,HARSH,30795.39,0,26778.6,approved,,3420,kgs,
VINA TRADE AND INDUSTRY,sc4400,2024-02-09,Kality 1,KAPIL,HARSH,17288.64,0,15033.6,approved,credit,1920,kgs,
VINA TRADE AND INDUSTRY,sc4418,2024-02-19,Kality,KAPIL,HARSH,14227.11,0,12371.4,approved,credit,1580,kgs,
AGRAPH TRADING PLC,1427,2024-08-19,Kality 3,MUKESH,,31676.52,1,36428,approved,,1,pieces,
AGRAPH TRADING PLC,1331,2024-03-16,Gelan,MUKESH,,3840.54,120,3339.6,approved,,120,pieces,
VINA TRADE AND INDUSTRY,sc4729,2024-08-24,Kality 1,KAPIL 1,,16208.1,1800,14094,approved,,1800,kgs,
VINA TRADE AND INDUSTRY,sc4656,2024-08-26,Gelan,MILLION,,300001.65,0,260871,approved,,300,pieces,
Mengistu Terefe Auto Spareparts,1419,2024-08-26,3-37129,Setegne,,69999.99,1,60869.56,approved,,1,pieces,
Tegegn & Friends Metal Work P/ship,1289,2024-01-24,Gellan,MUKESH,HARSH,12650,1,11000,approved,,1,pieces,
Shumbeza Asefa Building Material,1342,2024-04-08,Gelan,MILLION,,16560,360,14400,approved,,360,pieces,
ZM Mould,1438,2024-08-26,Gelan,KAPIL,,69575,1,60500,Pending,,1,pieces,
VINA TRADE AND INDUSTRY,sc4466,2024-03-18,Kality  1,KAPIL,HARSH,13686.84,0,11901.6,approved,credit,1520,kgs,
VINA TRADE AND INDUSTRY,sc4510,2024-04-19,Kality 1,KAPIL,HARSH,14407.2,0,12528,approved,,1600,kgs,
Solfet security Tecnology PLC,1359,2024-05-14,Kality,KAPIL,,37812,6,32880,approved,,6,pieces,
CHEMICAL INDUSTRY CORPORATION,1446,2024-08-26,Kality,KAPIL,,6785000,20000,5900000,Pending,,20000,kgs,
VINA TRADE AND INDUSTRY,sc4274,2023-12-09,sc4274,MUKESH,,595999.85,0,518260.74,approved,,298,,
VINA TRADE AND INDUSTRY,Sc4532,2024-04-30,Gelan,MILLION,,119000.85,0,103479,approved,,170,kgs,
VINA TRADE AND INDUSTRY,sc4494,2024-04-12,Gellan,MILLION,,347001.91,0,301740.79,approved,,347,kgs,
BATU TANNERY PLC,1379,2024-06-14,Gelan,MUKESH,HARSH,344310,624.25,299400,approved,,3000,,
VINA TRADE AND INDUSTRY,sc4435,2024-02-27,Gellan,MILLION,HARSH,60749.64,0,52825.77,approved,credit,243,kgs,
JUPITER TRADING,1383,2024-06-26,Head Office,MAHIDER,,18400,1,16000,approved,,1,pieces,
DLM PLC,1394,2024-08-27,Gelan Site,MUKESH,,166750,100000,145000,approved,,100000,meters,
VINA TRADE AND INDUSTRY,Sc4547,2024-05-10,Kality 1,KAPIL,,12786.39,0,11118.6,approved,,1420,kgs,
VINA TRADE AND INDUSTRY,Sc4562,2024-05-17,Kality 1,KAPIL,,13686.84,0,11901.6,approved,,1520,kgs,
VINA TRADE AND INDUSTRY,sc4593,2024-05-31,Kality 1,Kality,,16388.19,0,14250.6,approved,,1820,kgs,
Jelaram ESDEE Manufacturing PLC,1415,2024-08-27,Kality 1,MUKESH,,124900,29,108608.7,approved,,29,pieces,
VINA TRADE AND INDUSTRY,Sc4612,2024-06-08,Kality 1,KAPIL,,14587.29,300,12684.6,approved,,1620,kgs,
VINA TRADE AND INDUSTRY,sc4665,2024-08-31,Kality 1,KAPIL,,16388.19,0,14250.6,approved,,1820,kgs,
NEW WAVE INDUSTRIES PLC,1376,2024-06-04,Kality,KAPIL,,1224750,20000,1065000,approved,,90000,kgs,
Sintayehu Kebede trade of thread,1344,2024-04-09,Kality 1 & 2,KAPIL,HARSH,115202.4,480,100176,approved,,480,pieces,
VINA TRADE AND INDUSTRY,sc4403,2024-02-12,Kality 1,KAPIL,HARSH,15847.92,1760,13780.8,approved,credit,1760,kgs,
VINA TRADE AND INDUSTRY,sc4345,2024-01-12,Kality 1,KAPIL,HARSH,14227.11,0,12371.4,approved,credit,1580,kgs,
Ethio india Packaging PLC,1380,2024-06-17,Kality 1 & 2,KAPIL,HARSH,362250,0,315000,approved,,15000,pieces,
VINA TRADE AND INDUSTRY,sc4440,2024-03-04,Kality 1,KAPIL,HARSH,32236.11,0,28031.4,approved,credit,3580,kgs,
VINA TRADE AND INDUSTRY,sc4420,2024-02-20,Kality 1,KAPIL,HARSH,18009,0,15660,approved,credit,2000,kgs,
VINA TRADE AND INDUSTRY,sc4055,2023-08-09,Gelan,MILLION,HARSH,797999.8,0,693912.87,approved,,399,kgs,
Hepack Pp Bag Manufacturing,1332,2024-03-20,Gelan,MUKESH,HARSH,49999.7,200,43478,approved,,200,kgs,
VINA TRADE AND INDUSTRY,Sc4549,2024-05-11,Kality 1,KAPIL,,44482.23,0,38680.2,approved,,4940,kgs,
Bahvin Ramendra Shah,1360,2024-05-20,Gelan,MUKESH,,2990,2,2600,approved,,2,pieces,
Selamawti Fekadu Stationary,1245,2023-11-21,Head Office,Selamawit,HARSH,5700,1,4956.52,approved,,1,,
VINA TRADE AND INDUSTRY,sc4348,2024-01-12,Kality 1,KAPIL,HARSH,15307.65,0,13311,approved,credit,1700,kgs,
VINA TRADE AND INDUSTRY,sc4350,2024-01-13,Kality 1,KAPIL,HARSH,14947.47,0,12997.8,approved,credit,1660,kgs,
VINA TRADE AND INDUSTRY,sc4355,2024-01-16,Kality 1,KAPIL,HARSH,17828.91,0,15503.4,approved,credit,1980,kgs,
VINA TRADE AND INDUSTRY,sc4360,2024-01-19,Kality 1,KAPIL,HARSH,43941.96,0,38210.4,approved,credit,4880,kgs,
Fikadu Leshad Umer,1144,2023-07-24,Gellan,MUKESH,HARSH,276000,0,240000,approved,,1,,
VINA TRADE AND INDUSTRY,sc4074,2023-08-19,Gelan,MILLION,HARSH,332502.38,0,289132.5,approved,,475,kgs,
VINA TRADE AND INDUSTRY,sc4511,2024-04-20,Kality 1,KAPIL,HARSH,14047.02,0,12214.8,approved,,1560,kgs,
VINA TRADE AND INDUSTRY,Sc 4533,2024-04-30,Gellan,MILLION,,67249.6,0,58477.91,approved,,269,kgs,
VINA TRADE AND INDUSTRY,sc4495,2024-04-12,Gellan,MILLION,HARSH,0,0,0,approved,,300,kgs,
VINA TRADE AND INDUSTRY,Sc4594,2024-05-31,Kality 1,KAPIL,,27733.86,0,24116.4,approved,,3080,kgs,
VINA TRADE AND INDUSTRY,sc4041,2023-07-31,Kality 1,KAPIL,HARSH,248501.78,0,216088.5,approved,,355,kgs,
VINA TRADE AND INDUSTRY,sc4638,2024-06-20,Kality 1,KAPIL,HARSH,31695.84,3520,27561.6,approved,,3520,kgs,
VINA TRADE AND INDUSTRY,sc4002,2023-07-10,Kality 1,KAPIL,HARSH,45742.86,0,39776.4,approved,,5080,kgs,
VINA TRADE AND INDUSTRY,sc4020,2023-11-22,Kality 1,KAPIL,HARSH,2305152,0,2004480,approved,,2560,kgs,
VINA TRADE AND INDUSTRY,sc4016,2023-07-20,kality 1,KAPIL,HARSH,26293.14,2920,22863.6,approved,,2920,kgs,
VINA TRADE AND INDUSTRY,sc4032,2023-11-27,Kality,KAPIL,HARSH,30075.03,0,26152.2,approved,,3340,kgs,
VINA TRADE AND INDUSTRY,sc4116,2023-09-06,Kality,KAPIL,HARSH,26293.14,0,22863.6,approved,,2920,kgs,
Jemal Ali Total Filing Station,1154,2023-07-31,Kality,MUKESH,HARSH,4900,1,4900,approved,,1,pieces,
SUNISH RAMENDRA SHAH,1252,2023-11-25,Gellan,MILLION,HARSH,5520,1,4800,approved,,1,pieces,
VINA TRADE AND INDUSTRY,sc4080,2023-08-23,Kality 1,KAPIL,HARSH,24852.42,0,21610.8,approved,,2760,kgs,
VINA TRADE AND INDUSTRY,sc4142,2023-11-30,Kality 1,KAPIL,HARSH,12786.39,0,11118.6,approved,,1420,kgs,
VINA TRADE AND INDUSTRY,sc4127,2023-09-18,Kality 1,KAPIL,HARSH,25572.78,0,22237.2,approved,,2840,kgs,
VINA TRADE AND INDUSTRY,sc4138,2023-09-26,Kality 1,KAPIL,HARSH,0,200,0,approved,,200,kgs,
VINA TRADE AND INDUSTRY,sc4156,2023-10-17,Kality 1,KAPIL,HARSH,14407.2,0,12528,approved,,1600,kgs,
VINA TRADE AND INDUSTRY,sc4178,2023-10-28,Kality,KAPIL,HARSH,24312.15,0,21141,approved,,2700,kgs,
VINA TRADE AND INDUSTRY,sc4361,2024-01-22,Kality 1,Kality,HARSH,30255.12,0,26308.8,approved,credit,3360,kgs,
VINA TRADE AND INDUSTRY,Sc4566,2024-05-20,Gellan,MILLION,,196001.4,0,170436,approved,,280,kgs,
VINA TRADE AND INDUSTRY,sc4060,2023-08-11,Gelan,MILLION,HARSH,835999.79,0,726956.34,approved,,418,kgs,
VINA TRADE AND INDUSTRY,sc4068,2023-08-16,Gelan,MILLION,HARSH,308002.2,0,267828,approved,,440,kgs,
VINA TRADE AND INDUSTRY,sc4087,2023-08-26,Gelan,,HARSH,605999.85,0,526956.39,approved,,303,,
VINA TRADE AND INDUSTRY,sc4100,2023-08-30,Gelan,MILLION,HARSH,173000.95,0,150435.61,approved,,173,kgs,
VINA TRADE AND INDUSTRY,sc4103,2023-09-01,Gelan,MILLION,HARSH,121800.87,0,105913.8,approved,,174,kgs,
VINA TRADE AND INDUSTRY,sc4109,2023-09-02,Gelan,MILLION,HARSH,2999999.25,0,2608695,approved,,1500,kgs,
DLM PLC,1395,2024-08-31,Gelan Site,MUKESH,,83375,50000,72500,approved,,50000,meters,
SUNISH RAMENDRA SHAH,1384,2024-06-30,Head office,KAPIL,,1610,1,1400,approved,,1,,
VINA TRADE AND INDUSTRY,Sc4615,2024-06-10,Kality 1,KAPIL,,15307.65,0,13311,approved,,1700,kgs,
VINA TRADE AND INDUSTRY,sc4337,2024-01-08,Gellan,MILLION,HARSH,825999.79,0,718260.69,approved,credit,413,kgs,
VINA TRADE AND INDUSTRY,sc4166,2023-10-21,Gelan,MUKESH,,70000.5,0,60870,approved,,100,,
VINA TRADE AND INDUSTRY,sc4667,2024-08-31,Kality 1,KAPIL,,14407.2,0,12528,approved,,1600,kgs,
Waryt,1416,2024-09-02,Kality 1 and Alemegena,KAPIL,,41950,4,36478.26,approved,,4,pieces,
VINA TRADE AND INDUSTRY,sc4191,2023-11-03,Kality 1,KAPIL,HARSH,13506.75,0,11745,approved,,1500,kgs,
VINA TRADE AND INDUSTRY,sc4195,2023-11-06,Kality 1,KAPIL,HARSH,12606.3,0,10962,approved,,1400,kgs,
VINA TRADE AND INDUSTRY,sc4198,2023-11-07,Kality 1,KAPIL,HARSH,13686.84,0,11901.6,approved,,1520,kgs,
VINA TRADE AND INDUSTRY,sc4091,2023-08-28,Kality 1,KAPIL,HARSH,13686.84,0,11901.6,approved,,1520,kgs,
YAYA SPARE PARTS,1256,2023-12-04,Kality 1,KAPIL,HARSH,34500,1,30000,approved,,1,pieces,
Vina Trae and Industry plc,sc3994,2023-07-04,Kality 1,KAPIL,HARSH,42861.42,0,37270.8,approved,,4760,kgs,
,sc4045,2023-08-05,Kality,KAPIL,HARSH,23231.61,0,20201.4,approved,,2580,kgs,
VINA TRADE AND INDUSTRY,sc4163,2023-10-19,Kality 1,KAPIL,HARSH,12246.12,0,10648.8,approved,,1360,kgs,
VINA TRADE AND INDUSTRY,sc4159,2023-10-18,Kality 1,KAPIL,HARSH,27013.5,0,23490,approved,,3000,kgs,
VINA TRADE AND INDUSTRY,sc4185,2023-11-01,Kality 1,KAPIL,HARSH,13866.93,0,12058.2,approved,,1540,kgs,
VINA TRADE AND INDUSTRY,sc4170,2023-10-23,Kality 1,KAPIL,HARSH,44482.23,0,38680.2,approved,,4940,kgs,
VINA TRADE AND INDUSTRY,sc4122,2023-09-11,Kailty,KAPIL,HARSH,47903.94,0,41655.6,approved,,5320,kgs,
VINA TRADE AND INDUSTRY,sc4174,2023-10-25,Kality 1,KAPIL,HARSH,13506.75,0,11745,approved,,1500,kgs,
GYG Trading Enterprise,1232,2023-10-26,Kality 1,KAPIL,HARSH,12400,1,10782.61,approved,,1,,
GYG Trading Enterprise,1233,2023-10-26,Kality 1,KAPIL,HARSH,16900,1,14695.65,approved,,1,,
CHEMICAL INDUSTRY CORPORATION,1211,2023-09-21,Kality 1,KAPIL,HARSH,3094650,-40,2691000,approved,,10000,,
VINA TRADE AND INDUSTRY,sc4188,2023-11-02,Kality 1,KAPIL,HARSH,44662.32,0,38836.8,approved,,4960,kgs,
WSM,1129,2023-07-05,Mohan PLC 1,Mr KAPIL,HARSH,3199504.7,1,2782178,approved,other2,1,,
Lidiya Plastic Manufacuring,1187,2023-08-21,Kality 1 & 2,KAPIL,HARSH,324817.5,0,282450,approved,,15000,,
Nibret,1194,2023-08-21,Gellan 3,MILLION,HARSH,64756.5,1,56310,approved,,1,,
VINA TRADE AND INDUSTRY,sc4047,2023-08-08,Gellan,MILLION,HARSH,189001.35,0,164349,approved,,270,kgs,
MUMABI AUTO SPARE PARTS BATTERY,1238,2023-11-30,Kality,KAPIL,HARSH,14600,2,12695.65,approved,,2,,
VINA TRADE AND INDUSTRY,cs3993,2023-07-04,Kality 1,KAPIL,HARSH,17108.55,0,14877,approved,,1900,kgs,
VINA TRADE AND INDUSTRY,sc4006,2023-07-13,Gelan,KAPIL,HARSH,687999.83,344,598260.72,approved,,344,kgs,
VINA TRADE AND INDUSTRY,sc4124,2023-09-13,Kality 1,KAPIL,HARSH,23771.88,0,20671.2,approved,,2640,kgs,
VINA TRADE AND INDUSTRY,sc4056,2023-08-09,Gelan,MILLION,HARSH,128000.7,0,111304.96,approved,,128,kgs,
VINA TRADE AND INDUSTRY,sc4048,2023-08-03,Gelan,MILLION,HARSH,153000.84,0,133044.21,approved,,153,kgs,
VINA TRADE AND INDUSTRY,sc4023,2023-07-24,Gelan,MILLION,HARSH,121999.97,61,106086.93,approved,,61,kgs,
VINA TRADE AND INDUSTRY,sc4036,2023-07-31,Kality 1,KAPIL,HARSH,61590.78,0,53557.2,approved,,6840,kgs,
VINA TRADE AND INDUSTRY,sc4072,2023-08-18,Kality 1,KAPIL,HARSH,45742.86,0,39776.4,approved,,5080,kgs,
VINA TRADE AND INDUSTRY,sc4139,2023-09-26,Kalit 1,KAPIL,HARSH,12786.39,0,11118.6,approved,,1420,kgs,
Oumer Mussie Retail Trade Con. Equipment,1234,2023-10-26,Kality 1,KAPIL,HARSH,78000,,67826.09,approved,,,,
VINA TRADE AND INDUSTRY,sc 4092,2023-08-28,Kality 1,KAPIL,HARSH,11885.94,1320,10335.6,approved,,1320,kgs,
BEEMENET BEARING & OIL SEAL SHOP,1138,2023-07-07,Kality 2,KAPIL,HARSH,16157.5,1,14050,approved,,1,,
Meneweyelet,1139,2023-07-21,Kality 1,KAPIL,HARSH,17519.97,1,15234.76,approved,,1,,
CapitL Cement Milling & Packing PLC,1200,2023-11-30,Kality 1,KAPIL,HARSH,38007.5,5000,33050,approved,,5000,,
SUNISH RAMENDRA SHAH,1193,2023-08-21,Kality 2,KAPIL,HARSH,2990,1,2600,approved,,1,pieces,
JUPITER TRADING,1178,2023-08-14,Kality 1,KAPIL,HARSH,6800,1,5913.04,approved,,1,,
Bhavin Ramendera shah,1180,2023-08-14,Kality,KAPIL,HARSH,9775,1,8500,approved,,1,pieces,
VINA TRADE AND INDUSTRY,sc4098,2023-11-30,Kality 1,KAPIL,HARSH,14587.29,0,12684.6,approved,,1620,kgs,
Eco Packaging,1137,2023-07-17,Gellan,MUKESH,HARSH,363400,0,316000,approved,,2000,,
DA Packing,1136,2023-07-17,Gelan,MUKESH,HARSH,362158,0,314920,approved,other2,2000,,
DLM PLC,1237,2023-10-30,Gellan,MUKESH,HARSH,128800,100000,112000,approved,,100000,,
VINA TRADE AND INDUSTRY,sc4083,2023-08-24,Gelan,KAPIL,HARSH,326001.79,0,283479.82,approved,,326,kgs,
VINA TRADE AND INDUSTRY,sc4101,2023-08-31,Gelan,MILLION,HARSH,152000.84,0,132174.64,approved,,152,kgs,
VINA TRADE AND INDUSTRY,sc4075,2023-08-19,Gelan,MILLION,HARSH,50000.28,0,43478.5,approved,,50,kgs,
VINA TRADE AND INDUSTRY,sc4144,2023-10-06,Kality 1,KAPIL,HARSH,537999.87,0,467825.97,approved,,269,kgs,
VINA TRADE AND INDUSTRY,sc4165,2023-10-21,Gelan,MILLION,HARSH,525999.87,0,457391.19,approved,,263,kgs,
VINA TRADE AND INDUSTRY,sc4146,2023-10-10,Gelan,Milon,HARSH,591999.85,0,514782.48,approved,,296,kgs,
VINA TRADE AND INDUSTRY,sc4154,2023-10-17,Gelan,MILLION,HARSH,183401.31,0,159479.4,approved,,262,kgs,
VINA TRADE AND INDUSTRY,sc4110,2023-09-02,Gelan,MILLION,HARSH,1000005.5,0,869570,approved,,1000,kgs,
Kadisco Paint & Adhesive Industry,1235,2023-10-30,Gellan,MUKESH,HARSH,796596.38,0,692692.5,approved,,40,,
SUNISH RAMENDRA SHAH,1199,2023-08-24,Head office,KAPIL,HARSH,10120,1,8800,approved,,1,pieces,
VINA TRADE AND INDUSTRY,sc4134,2023-09-25,Kality 1,KAPIL,HARSH,9004.5,1000,7830,approved,,1000,kgs,
VINA TRADE AND INDUSTRY,sc4158,2023-11-18,Kality 1,KAPIL,HARSH,45382.68,0,39463.2,approved,,5040,kgs,
VINA TRADE AND INDUSTRY,sc4162,2023-10-19,Kality 1,KAPIL,HARSH,12606.3,0,10962,approved,,1400,kgs,
VINA TRADE AND INDUSTRY,sc4164,2023-10-20,Kality 1,KAPIL,HARSH,12606.3,0,10962,approved,,1400,kgs,
VINA TRADE AND INDUSTRY,sc4169,2023-10-23,Kality 1,KAPIL,HARSH,12066.03,0,10492.2,approved,,1340,kgs,
VINA TRADE AND INDUSTRY,sc4172,2023-10-24,Kality 1,KAPIL,HARSH,14047.02,0,12214.8,approved,,1560,kgs,
VINA TRADE AND INDUSTRY,sc4176,2023-10-26,Kality 1,KAPIL,HARSH,12246.12,0,10648.8,approved,,1360,kgs,
VINA TRADE AND INDUSTRY,sc4190,2023-11-03,Kality 1,KAPIL,HARSH,13866.93,0,12058.2,approved,,1540,kgs,
VINA TRADE AND INDUSTRY,sc4182,2023-10-30,Kality,KAPIL,HARSH,25752.87,0,22393.8,approved,,2860,kgs,
VINA TRADE AND INDUSTRY,sc,2023-11-20,Kality 1,KAPIL,HARSH,25392.69,1240,22080.6,approved,,1240,kgs,
VINA TRADE AND INDUSTRY,sc4193,2023-11-04,Kality,KAPIL,HARSH,13866.93,0,12058.2,approved,,1540,kgs,
VINA TRADE AND INDUSTRY,sc4200,2023-11-08,Kality 1,KAPIL,HARSH,14767.38,0,12841.2,approved,,1640,kgs,
NEW WAVE INDUSTRIES PLC,1249,2023-11-25,Kality 1,KAPIL,HARSH,626750,0,545000,approved,,50000,kgs,
Ethio Nippon Techincal Company S.Co,1257,2023-12-04,Head Office,KAPIL,HARSH,38258.21,1,33268.01,approved,,1,pieces,
Abreham Tata Motors Import,1255,2023-12-04,Kality,KAPIL,HARSH,58650,1,51000,approved,,1,pieces,
MUMABI AUTO SPARE PARTS BATTERY,1254,2023-11-29,Kality 1,KAPIL,HARSH,39600,1,34434.78,approved,,1,pieces,
VINA TRADE AND INDUSTRY,sc4043,2023-08-04,Kality 1,KAPIL 1,HARSH,17288.64,0,15033.6,approved,,1920,kgs,
VINA TRADE AND INDUSTRY,sc4061,2023-08-11,Kality 1,KAPIL,HARSH,39979.98,0,34765.2,approved,,4440,kgs,
VINA TRADE AND INDUSTRY,sc4000,2023-07-10,Gellan,KAPIL,HARSH,889999.78,0,773912.85,approved,,445,kgs,
Ethio Asian,1160,2023-08-04,Kality 1 & 2,KAPIL,HARSH,18499.65,1,16086.65,approved,,1,,
Seada Kedir Building Material,1195,2023-08-24,Gellan,MUKESH,HARSH,6800,1,5913.04,approved,,1,,
Amdehum,1162,2023-08-04,Kality 1 & 2,KAPIL,HARSH,56350,1,49000,approved,,1,,
Amdehum,1163,2023-08-04,Gellan 3,MUKESH,HARSH,80850,1,70304.35,approved,,1,,
EDMS,1164,2023-08-04,Kality 1 & 2,KAPIL,HARSH,7690.02,1,6686.97,approved,,1,,
Nebret,1169,2023-08-05,Kality 1 & 2,Abate,HARSH,157159,1,136660,approved,,1,,
AGRAPH TRADING PLC,1171,2023-08-08,Kality 1 & 2,KAPIL,HARSH,23954.01,1,20829.57,approved,,1,,
Takele Getachew,1173,2023-08-08,Gellan,MILLION,HARSH,17851.39,1,15522.95,approved,,1,,
Takele Getachew,1174,2023-08-08,Kality 1 & 2,KAPIL,HARSH,35200.01,1,30608.7,approved,,1,,
AGRAPH TRADING PLC,1175,2023-08-08,Gellan,MILLION,HARSH,18404,1,16003.48,approved,,1,,
AGRAPH TRADING PLC,1177,2023-09-14,Gellan 3,MILLION,HARSH,8599.7,200,7478,approved,,200,,
SUNISH RAMENDRA SHAH,1179,2023-09-14,Gellan 3,MILLION,HARSH,1380,1,1200,approved,,1,,
Derege Boregene Building Materials Importer,1185,2023-08-21,Gellan 3,MILLION,HARSH,26496,768,23040,approved,,768,,
KANORIA AFRICA TEXTILES,1201,2023-11-30,Gellan,MUKESH,HARSH,15180,1,13200,approved,,1,,
Solomon Zewudie,1203,2023-09-05,Gellan,MILLION,HARSH,3500,1,3043.48,approved,,1,,
Afro German Chemical Est PLC,1206,2023-09-13,Gellan,MILLION,HARSH,106100.15,58,92261,approved,,58,,
Capital,1210,2023-09-19,Capital,Selamawit,HARSH,17450,1,15173.91,approved,,1,,
DLM PLC,1215,2023-09-30,Gellan,MUKESH,HARSH,60097.275,1,49770,approved,,1,,
CHEMICAL INDUSTRY CORPORATION,1130,2023-07-07,Mohan Kality,Mr KAPIL,HARSH,2645000,10,2300000,approved,other2,10000,,
Omer Hussien Rental Trading of Con. Equipment,1225,2023-10-23,Kality 1 & 2,KAPIL,HARSH,78660,1,68400,approved,,1,,
Tegegn & Friends Metal Work P/ship,1239,2023-11-02,Gellan,MUKESH,HARSH,5520,,4800,approved,,,,
Dejene Tulu Daba,1204,2023-09-07,Gellan,MILLION,HARSH,3100.04,1,2695.69,approved,,1,,
Amaga PLC,1186,2023-08-21,Gellan 3,MUKESH,HARSH,347751.95,0,302393,approved,,1300,,
VINA TRADE AND INDUSTRY,sc4143,2023-10-05,Kality 1,KAPIL,HARSH,327999.92,0,285217.32,approved,,164,kgs,
VINA TRADE AND INDUSTRY,sc4145,2023-10-09,Gelan,MILLION,HARSH,1073999.73,0,933912.81,approved,,537,kgs,
VINA TRADE AND INDUSTRY,sc4148,2023-09-13,Kality  1,KAPIL,HARSH,12499.92,0,10869.5,approved,,50,kgs,
VINA TRADE AND INDUSTRY,sc4187,2023-11-02,Gelan 1,MILLION,HARSH,630004.5,0,547830,approved,,900,kgs,
VINA TRADE AND INDUSTRY,sc4155,2023-10-17,Kality,KAPIL,HARSH,52249.69,0,45434.51,approved,,209,kgs,
Ethio Leather Industry PLC,1202,2023-08-31,Gellan,MUKESH,HARSH,78397.8,0,68172,approved,,1300,,
VINA TRADE AND INDUSTRY,sc4196,2023-11-06,Gelan,MILLION,HARSH,186901.34,0,162522.9,approved,,267,kgs,
Eco Packaging,1216,2023-10-09,Gellan,Muksh,HARSH,293250,105,255000,approved,,10000,,
Oumer Mussie Retail Trade Con. Equipment,1230,2023-10-26,Kality 1,KAPIL,HARSH,8000,1,8000,approved,,1,,
Ethio india Packaging PLC,1196,2023-09-24,kality 1 & 2,KAPIL,HARSH,314985,1,273900,approved,,1,pieces,
Shumbeza Assefa,1182,2023-08-17,Kality,KAPIL,HARSH,8050,1,7000,approved,,1,pieces,
BEEMENET BEARING & OIL SEAL SHOP,1184,2023-08-31,Kality 1,KAPIL,HARSH,6900,1,6000,approved,,1,pieces,
Ambaye,1188,2023-08-21,Head Office,Dawit,HARSH,5333.13,1,4637.5,approved,,1,pieces,
Ambaye,1189,2023-08-21,Gellan,MILLION,HARSH,10666.25,1,9275,approved,,1,pieces,
Girum Electrical,1190,2023-08-21,Kality,KAPIL,HARSH,18381.6,1,15984,approved,,1,,
Elfro Import,1191,2023-08-21,Gellan,MILLION,HARSH,14950,1,13000,approved,,1,pieces,
Girum Erimias Girma,1192,2023-08-21,Gellan,MILLION,HARSH,3447.47,1,2997.8,approved,,1,pieces,
YAYA SPARE PARTS,1205,2023-09-08,Kality 1,KAPIL,HARSH,9775,1,8500,approved,,1,pieces,
BEEMENET BEARING & OIL SEAL SHOP,1167,2023-08-05,Kality  1,KAPIL,HARSH,57500,1,50000,approved,,1,,
SUNISH RAMENDRA SHAH,1208,2023-09-14,Head Office,Selam,HARSH,9200,1,8000,approved,,1,pieces,
Mohammed Jemal Importer,1246,2023-11-21,Gellan,MILLION,HARSH,19080.8,136,16592,approved,,136,kgs,
VINA TRADE AND INDUSTRY,sc4029,2023-07-27,Kality 1,KAPIL,HARSH,25572.78,2840,22237.2,approved,,2840,kgs,
Ethio india Packaging PLC,1250,2023-11-25,Kality 1,KAPIL,HARSH,420000,0,365217.39,approved,,20000,pieces,
CapitL Cement Milling & Packing PLC,1181,2023-08-16,Kaklity 1,KAPIL,HARSH,76015,0,66100,approved,,10000,,
NEW WAVE INDUSTRIES PLC,1176,2023-08-12,Kality 1,KAPIL,HARSH,603750,0,525000,approved,,50000,,
Senebete Consutruction PLC,1212,2023-09-21,Kality,KAPIL,HARSH,6000259.32,0,5217616.8,approved,,20340,,
Ethio india Packaging PLC,1213,2023-09-30,Kality 1,KAPIL,HARSH,450110,0,391400,approved,,20000,,
NEW WAVE INDUSTRIES PLC,1219,2023-10-17,Kality 1,KAPIL,HARSH,626750,0,545000,approved,,50000,,
Tsinu PLC,1244,2023-11-17,Kaliti 1,KAPIL,HARSH,1750012.5,0,1521750,approved,,5000,kgs,
Bhavin Ramendera shah,1214,2023-09-30,Gellan,MUKESH,HARSH,1840,1,1600,approved,,1,pieces,
Girum Erimias Girma,1220,2023-10-20,Alemegena,KAPIL,HARSH,7754.98,1,6743.46,approved,,1,pieces,
Eltrade,1222,2023-10-23,Kality 1 & 2,KAPIL,HARSH,5405,1,4700,approved,,1,pieces,
Bhavin Ramendera shah,1223,2023-10-23,Alemegena,KAPIL,HARSH,6900,1,6000,approved,,1,pieces,
Bhavin Ramendera shah,1224,2023-10-23,Head Office,KAPIL,HARSH,6900,1,6000,approved,,1,pieces,
BEEMENET BEARING & OIL SEAL SHOP,1226,2023-10-23,Kality 1,KAPIL,HARSH,16100,1,14000,approved,,1,pieces,
DLM PLC,1241,2023-11-10,Gellan,MILLION,HARSH,12075,10000,10500,approved,,10000,,
Bhavin Ramendera shah,1240,2023-11-07,Head  &  Alemegena,KAPIL,HARSH,117300,1,102000,approved,,1,pieces,
SUNISH RAMENDRA SHAH,1221,2023-10-23,Gellan,MILLION,HARSH,8280,7200,7200,approved,,7200,pieces,
Hagbes PLC,1229,2023-10-26,Kality 1,KAPIL,HARSH,33543.99,1,29168.69,approved,,1,pieces,
BEKA NUREDIN ALIYI BUILDING CHEMICAL & PLASTIC ROW MATERIAL SUPPLIER,1243,2023-11-16,Kality,KAPIL,HARSH,8625000,1000,7500000,approved,,1000,kgs,
Yared Bizuwork Debebe,1131,2023-07-08,Kality 1 & 2,KAPIL,HARSH,29500,1,25652.17,approved,,1,pieces,
Capital City Agraph,1143,2023-07-22,Head Office,Selam,HARSH,27750,1,24130.43,approved,,1,,
JUPITER TRADING,1145,2023-07-27,Head office,Selam,HARSH,20400.01,1,17739.14,approved,,1,,
Girum Erimias Girma,1146,2023-07-27,Kality 1,KAPIL,HARSH,3080,1,2678.26,approved,,1,,
Bhavin Ramendera shah,1147,2023-07-31,Gellan,MUKESH,HARSH,4255,1,3700,approved,,1,,
BEEMENET BEARING & OIL SEAL SHOP,1148,2023-07-31,Gellan 3,MUKESH,HARSH,2760,1,2400,approved,,1,,
Paulo Panalotti Breake Lining & Clutch Ser,1149,2023-07-31,Kality 1,KAPIL,HARSH,4600,1,4000,approved,,1,,
Girum Erimias Girma,1152,2023-07-31,Kality 1,KAPIL,HARSH,6789.6,1,5904,approved,,1,,
Meneweyelet,1153,2023-07-31,PLC 1,KAPIL,HARSH,26199.3,1,22782,approved,,1,,
Bhavin Ramendera shah,1155,2023-08-01,Kality,KAPIL,HARSH,178825,1,155500,approved,,1,,
Girum Ermias,1156,2023-08-02,Kality 1,KAPIL,HARSH,7830.96,1,6809.53,approved,,1,,
EDMS Trading,1158,2023-08-04,Kality 1 & 2,KAPIL,HARSH,18644.96,1,16213.01,approved,,1,,
EDMS,1159,2023-08-04,Gellan,MUKESH,HARSH,57630,1,50113.04,approved,,1,,
VINA TRADE AND INDUSTRY,sc4044,2023-08-05,Kality 1,KAPIL,HARSH,30435.21,0,26465.4,approved,,3380,kgs,
VINA TRADE AND INDUSTRY,sc4062,2023-08-12,Kality 1,KAPIL,HARSH,33856.92,0,29440.8,approved,,3760,kgs,
VINA TRADE AND INDUSTRY,sc4037,2023-07-31,Kality 1,KAPIL,HARSH,11885.94,0,10335.6,approved,,1320,kgs,
Afro German Chemical Est PLC,1247,2023-11-21,Gellan,MILLION,HARSH,90000.15,0,78261,approved,,30,meters,
Ethio Leather Industry PLC,1132,2023-07-12,Gelan,MUKESH,HARSH,362767.5,1,315450,approved,,900,,
BALAJI PACKAGE,1135,2023-07-17,Gelan,MUKESH,HARSH,363400,11,316000,approved,,2000,,
Yesek Industrial PLC,1248,2023-11-24,Gellan,MILLION,HARSH,234006.6,0,203484,approved,,1200,,
Lio Duo Plastic Manufacturing,1228,2023-10-26,Gellan,MUKESH,HARSH,4753.13,0,4117.5,approved,,13.5,,
Sight Future Trading PLC,1251,2023-11-25,Gellan,MILLION,HARSH,8500,1,7391.3,approved,,1,pieces,
VINA TRADE AND INDUSTRY,sc4053,2023-09-08,Kality 1,KAPIL,HARSH,16568.28,0,14407.2,approved,,1840,kgs,
VINA TRADE AND INDUSTRY,sc4073,2023-08-19,Kality 1,KAPIL,HARSH,30795.39,0,26778.6,approved,,3420,kgs,
VINA TRADE AND INDUSTRY,sc4078,2023-08-22,Kality 1,KAPIL,HARSH,40700.34,0,35391.6,approved,,4520,kgs,
VINA TRADE AND INDUSTRY,sc4093,2023-08-28,Kality 1,KAPIL,HARSH,47183.58,0,41029.2,approved,,5240,kgs,
VINA TRADE AND INDUSTRY,sc4121,2023-09-11,Kality,KAPIL,HARSH,14227.11,0,12371.4,approved,,1580,kgs,
VINA TRADE AND INDUSTRY,sc4135,2023-09-25,Kality 1,KAPIL,HARSH,13506.75,0,11745,approved,,1500,kgs,
VINA TRADE AND INDUSTRY,sc4125,2023-09-14,Kality-1,KAPIL,HARSH,12966.48,0,11275.2,approved,,1440,kgs,
Vina Trae and Industry plc,sc4001,2023-07-10,Gellan,KAPIL,HARSH,245001.75,0,213045,approved,,350,kgs,
VINA TRADE AND INDUSTRY,sc4057,2023-08-09,Kality 1,KAPIL,HARSH,29894.94,0,25995.6,approved,,3320,kgs,
VINA TRADE AND INDUSTRY,sc4089,2023-08-26,Kality  1,KAPIL,HARSH,24852.42,2760,21610.8,approved,,2760,kgs,
CHEMICAL INDUSTRY CORPORATION,1242,2023-11-13,Kality,KAPIL,HARSH,8452500,-130,7350000,approved,,30000,kgs,
VINA TRADE AND INDUSTRY,sc 4207,2023-11-11,Kality 1,KAPIL,HARSH,14947.47,1660,12997.8,approved,,1660,kgs,
,sc4215,2023-11-13,kality 1,KAPIL,HARSH,37818.9,0,32886,approved,,4200,kgs,
EDMS TRADING PLC,1262,2023-12-05,Kality 1 & 2,KAPIL,HARSH,57548.79,1,50042.43,approved,,1,,
EDMS TRADING PLC,1263,2023-12-05,Head Office,KAPIL,HARSH,1250.02,1,1086.97,approved,,1,,
Capital Stationary,1259,2023-12-12,Head Office,Selam,HARSH,33849.55,1,29434.39,approved,,1,pieces,
Four G Trading PLC,1260,2023-12-05,Gellan,KAPIL,HARSH,20939.91,1,18208.62,approved,,1,,
SUNISH RAMENDRA SHAH,1265,2023-12-14,Head office,LUHANA,HARSH,108790,1,94600,approved,,1,pieces,
Girum Electrical,1140,2023-07-21,Kality 1,KAPIL,HARSH,4675,1,4065.22,approved,,1,,
YAYA SPARE PARTS,1269,2023-12-27,Kality P.N 3-47528,KAPIL,HARSH,7000,1,6086.96,approved,,1,pieces,
BEEMENET BEARING & OIL SEAL SHOP,1270,2023-12-27,Kality 2,KAPIL,HARSH,19550,1,17000,approved,,1,pieces,
VINA TRADE AND INDUSTRY,sc4008,2023-11-13,kality 1,KAPIL,HARSH,20710.35,0,18009,approved,,2300,kgs,
VINA TRADE AND INDUSTRY,sc4018,2023-11-20,Kality,KAPIL,HARSH,25392.69,0,22080.6,approved,,5040,kgs,
VINA TRADE AND INDUSTRY,sc4236,2023-11-21,Kality 1,KAPIL,HARSH,14767.38,0,12841.2,approved,,1640,kgs,
VINA TRADE AND INDUSTRY,sc4092,2023-12-29,Kality 1,KAPIL,HARSH,11885.94,0,10335.6,approved,,1320,kgs,
VINA TRADE AND INDUSTRY,sc417,2023-11-14,kality 1,KAPIL,HARSH,25392.69,2820,22080.6,approved,,2820,kgs,
,sc4017,2023-07-20,Kality,KAPIL,HARSH,25392.69,2820,22080.6,approved,,2820,kgs,
Atereshewal Tekele Techno Building Materials shop,1253,2023-11-29,Kality 2,KAPIL,HARSH,18600.05,1,16173.96,approved,,1,pieces,
MUMABI AUTO SPARE PARTS BATTERY,1258,2023-12-04,Kality 2,KAPIL,HARSH,38000,1,33043.48,approved,,1,pieces,
,sc4180,2023-10-28,kality 1,KAPIL,HARSH,11165.58,0,9709.2,approved,,1240,kgs,
VINA TRADE AND INDUSTRY,sc4209,2023-11-10,Kality 1,KAPIL,HARSH,14227.11,0,12371.4,approved,,1580,kgs,
VINA TRADE AND INDUSTRY,sc4213,2023-11-11,Kality 1,KAPIL,HARSH,14227.11,0,12371.4,approved,,1580,kgs,
Belachew G/Mariam General Bearing Shop,1267,2023-12-27,Kality 1,KAPIL,HARSH,92000,1,80000,approved,,1,pieces,
VINA TRADE AND INDUSTRY,sc4225,2023-11-16,Kality,KAPIL,HARSH,15127.56,0,13154.4,approved,,1680,kgs,
VINA TRADE AND INDUSTRY,sc4240,2023-11-23,Kality 1,Kail,HARSH,13686.84,0,11901.6,approved,,1520,kgs,
VINA TRADE AND INDUSTRY,sc4084,2023-08-24,Gelan,MILLION,HARSH,651999.84,0,566956.38,approved,,326,kgs,
VINA TRADE AND INDUSTRY,sc4102,2023-08-31,Gelan,MILLION,HARSH,151201.08,0,131479.2,approved,,216,kgs,
VINA TRADE AND INDUSTRY,sc4105,2023-09-01,Gelan,MILLION,HARSH,91999.98,0,79999.98,approved,,46,kgs,
VINA TRADE AND INDUSTRY,sc4099,2023-08-30,Gelan,MILLION,HARSH,58100.42,0,50522.1,approved,,83,kgs,
VINA TRADE AND INDUSTRY,sc4111,2023-09-02,Gelan,MILLION,HARSH,1400010,0,1217400,approved,,2000,kgs,
VINA TRADE AND INDUSTRY,sc4204,2023-11-09,Gellan,MILLION,HARSH,211999.95,0,184347.78,approved,,106,kgs,
VINA TRADE AND INDUSTRY,sc4203,2023-11-09,Gelan,MILLION,HARSH,71000.39,0,61739.47,approved,,71,kgs,
VINA TRADE AND INDUSTRY,sc4206,2023-11-09,Kality 1,KAPIL,HARSH,103749.38,0,90216.85,approved,,415,kgs,
VINA TRADE AND INDUSTRY,sc4211,2023-11-11,Gellan,MILLION,HARSH,963999.76,0,838260.66,approved,,482,kgs,
VINA TRADE AND INDUSTRY,sc4230,2023-12-18,Gellan,MILLION,HARSH,85999.48,0,74782.16,approved,,344,kgs,
KANORIA AFRICA TEXTILES,1264,2023-12-08,Gellan,MILLION,HARSH,230000,0,200000,approved,,1000,meters,
VINA TRADE AND INDUSTRY,sc4219,2023-11-15,Gellan,MILLION,HARSH,167999.96,0,146086.92,approved,,84,kgs,
VINA TRADE AND INDUSTRY,sc4201,2023-11-08,Gellan,MILLION,HARSH,109000.6,109,94783.13,approved,,109,kgs,
VINA TRADE AND INDUSTRY,sc4220,2023-11-15,Gellan,MILLION,HARSH,119700.86,437.7,104087.7,approved,,608.7,kgs,
VINA TRADE AND INDUSTRY,sc4221,2023-11-15,Gellan,MILLION,HARSH,49999.7,0,43478,approved,,200,kgs,
VINA TRADE AND INDUSTRY,sc4226,2023-11-16,Kality 1,KAPIL,HARSH,14407.2,0,12528,approved,,1600,kgs,
VINA TRADE AND INDUSTRY,sc4233,2023-11-20,Kality,KAPIL,HARSH,25932.96,0,22550.4,approved,,2880,kgs,
VINA TRADE AND INDUSTRY,sc4207,2023-11-09,Kality,KAPIL,HARSH,14947.47,0,12997.8,approved,,1660,kgs,
VINA TRADE AND INDUSTRY,sc4217,2023-11-14,Kality 1,KAPIL,HARSH,25392.69,2820,22080.6,approved,,2820,kgs,
VINA TRADE AND INDUSTRY,sc4222,2023-11-15,Kality 1,KAPIL,HARSH,13506.75,0,11745,approved,,1500,kgs,
VINA TRADE AND INDUSTRY,sc4232,2023-11-20,Kality,KAPIL,HARSH,14047.02,0,12214.8,approved,,1560,kgs,
VINA TRADE AND INDUSTRY,sc4243,2023-11-24,Kality 1,KAPIL,HARSH,15847.92,0,13780.8,approved,,1760,kgs,
VINA TRADE AND INDUSTRY,sc4249,2023-11-27,Kality 1,KAPIL,HARSH,13866.93,0,12058.2,approved,,1540,kgs,
VINA TRADE AND INDUSTRY,sc4234,2023-11-20,Kality 1,KAPIL,HARSH,15487.74,0,13467.6,approved,,1720,kgs,
,sc4278,2023-12-11,Kality 1,KAPIL,HARSH,15307.65,0,13311,approved,,1700,kgs,
SUNISH RAMENDRA SHAH,1268,2023-12-27,Kality 1 & 2,KAPIL,HARSH,3243,1,2820,approved,,1,pieces,
VINA TRADE AND INDUSTRY,sc4262,2023-12-05,Kality 1,KAPIL,HARSH,36918.45,0,32103,approved,,4100,kgs,
VINA TRADE AND INDUSTRY,sc4265,2023-12-06,Kality 1,KAPIL,HARSH,14767.38,0,12841.2,approved,,1640,kgs,
VINA TRADE AND INDUSTRY,sc4270,2023-12-08,kality  1,KAPIL,HARSH,34757.37,0,30223.8,approved,,3860,kgs,
VINA TRADE AND INDUSTRY,sc4271,2023-12-08,Kality 1,KAPIL,HARSH,27193.59,0,23646.6,approved,,3020,kgs,
VINA TRADE AND INDUSTRY,sc4326,2024-01-02,Kality 1,KAPIL,HARSH,14947.47,0,12997.8,approved,,1660,kgs,
VINA TRADE AND INDUSTRY,sc4328,2024-01-03,Kality,KAPIL,HARSH,28814.4,0,25056,approved,,3200,kgs,
VINA TRADE AND INDUSTRY,sc4238,2023-11-22,Kality 1,KAPIL,HARSH,14227.11,0,12371.4,approved,,1580,kgs,
VINA TRADE AND INDUSTRY,sc4291,2023-12-19,Kality 1,KAPIL,HARSH,30615.3,0,26622,approved,,3400,kgs,
VINA TRADE AND INDUSTRY,sc4245,2023-11-22,Kality 1,KAPIL,HARSH,14407.2,0,12528,approved,,1600,kgs,
VINA TRADE AND INDUSTRY,sc4251,2023-11-27,Kality 1,KAPIL,HARSH,15307.65,0,13311,approved,,1700,kgs,
VINA TRADE AND INDUSTRY,sc4252,2023-11-29,Kality 1,KAPIL,HARSH,13326.66,0,11588.4,approved,,1480,kgs,
VINA TRADE AND INDUSTRY,sc4254,2023-11-29,Kality 1,KAPIL,HARSH,27733.86,0,24116.4,approved,,3080,kgs,
VINA TRADE AND INDUSTRY,sc4256,2023-11-30,Kality 1,KAPIL,HARSH,27913.95,1520,24273,approved,,3100,kgs,
VINA TRADE AND INDUSTRY,sc4295,2023-12-21,Kality 1,KAPIL,HARSH,14767.38,0,12841.2,approved,,1640,kgs,
VINA TRADE AND INDUSTRY,sc4300,2023-12-22,Kality 1,KAPIL,HARSH,14587.29,0,12684.6,approved,,1620,kgs,
VINA TRADE AND INDUSTRY,sc4305,2023-12-25,Kality 1,KAPIL,HARSH,30435.21,0,26465.4,approved,,3380,kgs,
VINA TRADE AND INDUSTRY,sc4308,2023-12-26,Kality 1,KAPIL,HARSH,14947.47,0,12997.8,approved,,1660,kgs,
VINA TRADE AND INDUSTRY,sc4283,2023-12-14,Kality 1,KAPIL,HARSH,26113.05,0,22707,approved,,2900,kgs,
VINA TRADE AND INDUSTRY,sc4288,2023-12-18,Kality 1,KAPIL,HARSH,26833.41,0,23333.4,approved,,2980,kgs,
VINA TRADE AND INDUSTRY,sc4280,2023-12-12,Kality 1,Kality,HARSH,13686.84,1520,11901.6,approved,,1520,kgs,
VINA TRADE AND INDUSTRY,sc4333,2024-01-05,Kality 1,MILLION,HARSH,15487.74,0,13467.6,approved,,1720,kgs,
VINA TRADE AND INDUSTRY,sc4292,2023-12-19,Kality 1,KAPIL,HARSH,26473.23,0,23020.2,approved,,2940,kgs,
VINA TRADE AND INDUSTRY,sc4277,2023-12-11,Kality 1,KAPIL,HARSH,15667.83,0,13624.2,approved,,1740,kgs,
VINA TRADE AND INDUSTRY,sc4335,2024-01-06,Kality 1,KAPIL,HARSH,15487.74,0,13467.6,approved,,1720,kgs,
VINA TRADE AND INDUSTRY,sc4286,2023-12-16,Kality 1,KAPIL,HARSH,11705.85,0,10179,approved,,1300,kgs,
VINA TRADE AND INDUSTRY,sc4302,2023-12-23,Kality 1,KAPIL,HARSH,294702.1,0,256262.7,approved,,421,kgs,
WSM,1385,2024-09-03,kality 1,KAPIL,,243041,1,211340,approved,,1,pieces,
VINA TRADE AND INDUSTRY,sc4311,2023-12-27,Kality 1,KAPIL,HARSH,525002.89,0,456524.25,approved,,525,kgs,
VINA TRADE AND INDUSTRY,sc4312,2023-12-27,Kality 1,KAPIL,HARSH,25499.85,0,22173.78,approved,,102,kgs,
VINA TRADE AND INDUSTRY,sc4241,2023-11-23,Gellan,KAPIL,HARSH,427003.05,0,371307,approved,,610,kgs,
VINA TRADE AND INDUSTRY,sc4247,2023-11-27,Kality,KAPIL,HARSH,95200.68,0,82783.2,approved,,136,kgs,
VINA TRADE AND INDUSTRY,sc4248,2023-11-27,Kality 1,KAPIL,HARSH,32999.8,0,28695.48,approved,,132,kgs,
VINA TRADE AND INDUSTRY,sc4263,2023-12-05,Kality 1,KAPIL,HARSH,56249.66,0,48912.75,approved,,225,kgs,
VINA TRADE AND INDUSTRY,sc4266,2023-12-06,Gelan,MILLION,HARSH,136000.75,0,118261.52,approved,,136,kgs,
VINA TRADE AND INDUSTRY,sc4273,2023-12-09,Gelan,MILLION,HARSH,123000.68,0,106957.11,approved,,123,kgs,
VINA TRADE AND INDUSTRY,sc4276,2023-12-11,Gelan,MILLION,HARSH,176000.97,0,153044.32,approved,,176,kgs,
MAGIC,1286,2024-01-15,Gellan,MUKESH,HARSH,24999.85,0,21739,approved,,100,meters,
VINA TRADE AND INDUSTRY,sc4346,2024-01-12,Gellan,MILLION,HARSH,361202.58,0,314089.2,approved,credit,516,kgs,
VINA TRADE AND INDUSTRY,sc 4229,2023-11-18,Gellan,MILLION,HARSH,389202.78,0,338437.2,approved,,556,kgs,
VINA TRADE AND INDUSTRY,sc4267,2023-12-06,Gellan,MILLION,HARSH,167999.96,0,146086.92,approved,,84,kgs,
VINA TRADE AND INDUSTRY,sc4289,2023-12-18,Kaility 1,KAPIL,HARSH,15667.83,0,13624.2,approved,,1740,kgs,
VINA TRADE AND INDUSTRY,sc4322,2023-12-30,Kality 1,MILLION,HARSH,14767.38,0,12841.2,approved,,1640,kgs,
MUMABI AUTO SPARE PARTS BATTERY,1266,2023-12-15,Mohan PLC,KAPIL,HARSH,79200.01,1,68869.57,approved,,1,pieces,
SUNISH RAMENDRA SHAH,1273,2023-12-30,Kality 1 & 2,KAPIL,HARSH,3243,2,2820,approved,,2,pieces,
VINA TRADE AND INDUSTRY,sc4314,2023-12-27,Kality 1,KAPIL,HARSH,15127.56,0,13154.4,approved,,1680,kgs,
VINA TRADE AND INDUSTRY,sc4313,2023-12-27,kality,KAPIL,HARSH,39799.89,0,34608.6,approved,,4420,kgs,
VINA TRADE AND INDUSTRY,sc4324,2024-01-01,Kality 1,KAPIL,HARSH,15307.65,0,13311,approved,,1700,kgs,
VINA TRADE AND INDUSTRY,sc4317,2023-12-28,Kality 1,KAPIL,HARSH,25392.69,0,22080.6,approved,,2820,kgs,
YAYA SPARE PARTS,1272,2023-12-30,Kality 1 3-47528,KAPIL,HARSH,12650,1,11000,approved,,1,pieces,
VINA TRADE AND INDUSTRY,sc4356,2024-01-17,Kality 1,KAPIL,HARSH,16208.1,0,14094,approved,credit,1800,kgs,
ETHIO NIPPON TECHINCAL COMPANY S.CO,1277,2024-01-15,Alemegena Genrator,KAPIL,HARSH,29931.84,1,26027.69,approved,,1,pieces,
SUNISH RAMENDRA SHAH,1290,2024-01-24,Head Office,AMRITA,HARSH,3680,1,3200,approved,,1,pieces,
ETHIO ASIAN INDUSTRIES S.CO,1293,2024-01-30,Kality 1 & 2,KAPIL,HARSH,64195.88,1,55822.5,approved,,1,,
GIRUM ERIMIAS GIRMA,1278,2024-01-15,Gelan,MUKESH,HARSH,5732.63,1,4984.9,approved,,1,pieces,
MUMABI AUTO SPARE PARTS BATTERY,1282,2024-01-15,3-47528,KAPIL,HARSH,19000,1,16521.74,approved,,1,pieces,
ETHIO ASIAN INDUSTRIES S.CO,1294,2024-01-30,Gellan,KAPIL,HARSH,55367.08,1,48145.29,approved,,1,,
BOLD PRINTING & ADVERISING,1298,2024-02-06,Gellan,MUKESH,HARSH,6900,2,6000,approved,,2,pieces,
ABREHAM TATA MOTORS IMPORT,1309,2024-02-22,3-47528,KAPIL,HARSH,13800,1,12000,approved,,1,pieces,
GIRUM ELECTRICAL,1311,2024-02-22,Kality 6,KAPIL,HARSH,24667.5,150,21450,approved,,150,pieces,
BEEMENET BEARING & OIL SEAL SHOP,1313,2024-02-23,Kality 2,KAPIL,HARSH,14950,13000,13000,approved,,13000,pieces,
ATERESHEWAL TEKELE TECHNO BUILDING MATERIALS SHOP,1314,2024-02-23,Kality,KAPIL,HARSH,18000,1,15652.17,approved,,1,pieces,
SHUMBEZA ASSEFA BUILDING MATERIAL SHOP,1316,2024-02-26,Kality,KAPIL,HARSH,7291,1,6340,approved,,1,pieces,
SHUMBEZA ASSEFA BUILDING MATERIAL SHOP,1304,2024-02-16,Kality 1 & 2,KAPIL,HARSH,67620,1,58800,approved,,1,pieces,
ELFRO IMPORT,1283,2024-02-15,Kality 2,KAPIL,HARSH,21263.5,3,18490,approved,,3,pieces,
MAEDIN TASSEW AUTO SPARE PARTS,1312,2024-02-23,3-01722,KAPIL,HARSH,8200.02,1,7130.45,approved,,1,pieces,
SUNISH RAMENDRA SHAH,1318,2024-02-29,Gellan,MUKESH,HARSH,19550,1,17000,approved,,1,pieces,
BHAVIN RAMENDERA SHAH,1319,2024-01-29,Gellan,MUKESH,HARSH,1380,1,1200,approved,,1,pieces,
Alert Squre Import & Export PLC,1305,2024-02-16,Kality 1 & 2,KAPIL,HARSH,6399.75,1,5565,approved,,1,pieces,
PAULO RAISE & SONS,1307,2024-02-21,3-65337,MUKESH,HARSH,33111.89,1,28792.95,approved,,1,pieces,
PAULO RAISE & SONS,1308,2024-02-22,3-47528,KAPIL,HARSH,10531.08,1,9157.46,approved,,1,pieces,
JELARAM ESDEE MANUFACTURING PLC,1288,2024-01-24,Gellan,MUKESH,HARSH,7200.01,3,6260.88,approved,,3,pieces,
EDMS,1300,2024-02-06,Gellan,KAPIL,HARSH,52362.72,1488,45532.8,approved,,1488,pieces,
EDMS,1301,2024-02-06,Kality  & 2,KAPIL,HARSH,32093.28,912,27907.2,approved,,912,pieces,
ETHIO INDIA PACKAGING PLC,1315,2024-02-26,Kality 1 & 2,KAPIL,HARSH,10999.75,0,9565,approved,,500,pieces,
CHEMICAL INDUSTRY CORPORATION,1296,2024-01-30,Kality 1,KAPIL,HARSH,5635000,0,4900000,approved,,20000,kgs,
VINA TRADE AND INDUSTRY,sc4347,2024-01-12,Gellan,MILLION,HARSH,21499.87,0,18695.54,approved,credit,86,kgs,
BALAJI PACKAGE,1322,2024-02-29,Gelan,MUKESH,HARSH,13800,0,12000,approved,,80,,
DLM PLC,1303,2024-02-14,Gellan,MUKESH,HARSH,313950,0,260000,approved,,400,,
COLBA TANNERY PLC,1306,2024-02-16,Gellan,MUKESH,HARSH,1350042.5,0,1173950,approved,,25000,,
JEMAL,1323,2024-03-06,Gelan,MUKESH,HARSH,250000.8,0,217392,approved,,300,,
Kadisco,1320,2024-03-29,Gelan,KAPIL,HARSH,779553.38,0,677872.5,approved,,10,,
ELICO,1299,2024-02-06,Gellan,MUKESH,HARSH,145553.95,0,126568.65,approved,,2174.75,,
KADISCO PAINT & ADHESIVE INDUSTRY,1310,2024-02-22,Gellan,MUKESH,HARSH,779553.38,0,677872.5,approved,,10,kgs,
KADISCO PAINT & ADHESIVE INDUSTRY,1128,2023-07-05,Gelan,Mr KAPIL,HARSH,315376,0,274240,approved,,34,,
LIO DUO PLASTIC MANUFACTURING,1284,2024-01-15,Gelan,KAPIL,HARSH,1785122,0,1552280,approved,,5140,kgs,
JEMAL ADEM,1285,2024-01-15,Gelan,MUKESH,HARSH,20000.11,0,17391.4,approved,,20,,
KADISCO PAINT & ADHESIVE INDUSTRY,1292,2024-01-30,Gellan,MUKESH,HARSH,779553.38,0,677872.5,approved,,10,,
DLM PLC,1297,2024-01-30,Gellan,MUKESH,HARSH,341118.75,0,282500,approved,,500,,
VINA TRADE AND INDUSTRY,sc4319,2023-12-29,Gellan,MILLION,HARSH,937999.77,0,815651.97,approved,,469,kgs,
BALAJI PACKAGE,1276,2024-01-09,Gellan,MUKESH,HARSH,345000,2000,300000,approved,,2000,pieces,
SUNISH RAMENDRA SHAH,1302,2024-02-08,Head Office,MAHIDER,HARSH,25300,1,22000,approved,,1,pieces,
NEW WAVE INDUSTRIES PLC,1287,2024-01-16,Kality 1,KAPIL,HARSH,253000,10000,220000,approved,,20000,kgs,
VINA TRADE AND INDUSTRY,sc4363,2024-01-22,Kality 1,KAPIL,HARSH,13686.84,0,11901.6,approved,credit,1520,kgs,
VINA TRADE AND INDUSTRY,sc4367,2024-01-24,Kality 1,KAPIL,HARSH,14947.47,0,12997.8,approved,credit,1660,kgs,
VINA TRADE AND INDUSTRY,sc 4363,2024-01-22,Kality 1,KAPIL,HARSH,13686.84,1520,11901.6,approved,credit,1520,kgs,
VINA TRADE AND INDUSTRY,sc4353,2024-01-15,Kality 1,Kality,HARSH,15487.74,0,13467.6,approved,credit,1720,kgs,
BEEMENET BEARING & OIL SEAL SHOP,1321,2024-02-29,Kality 2,KAPIL,HARSH,2875,1,2500,approved,,1,pieces,
VINA TRADE AND INDUSTRY,sc4340,2024-01-09,Kality 1,KAPIL,HARSH,14587.29,0,12684.6,approved,credit,1620,kgs,
VINA TRADE AND INDUSTRY,sc4341,2024-01-09,Kality 1,KAPIL,HARSH,15127.56,0,13154.4,approved,credit,1680,kgs,
VINA TRADE AND INDUSTRY,sc4376,2024-01-29,Kality 1,KAPIL,HARSH,16028.01,0,13937.4,approved,credit,1780,kgs,
VINA TRADE AND INDUSTRY,sc4441,2024-03-04,Kality 1,KAPIL,HARSH,16388.19,0,14250.6,approved,credit,1820,kgs,
VINA TRADE AND INDUSTRY,sc4370,2024-01-25,Kality 1,KAPIL,HARSH,16568.28,0,14407.2,approved,credit,1840,kgs,
VINA TRADE AND INDUSTRY,sc4378,2024-01-30,Kality 1,KAPIL,HARSH,17288.64,0,15033.6,approved,credit,1920,kgs,
VINA TRADE AND INDUSTRY,sc4382,2024-02-01,Kality 1,KAPIL,HARSH,17288.64,0,15033.6,approved,credit,1920,kgs,
VINA TRADE AND INDUSTRY,sc4384,2024-02-02,Kality 1,KAPIL,HARSH,17288.64,0,15033.6,approved,credit,1920,kgs,
BEKA NUREDIN ALIYI BUILDING CHEMICAL & PLASTIC ROW MATERIAL SUPPLIER,1326,2024-03-08,Kality 1,KAPIL,HARSH,3475012.5,0,3021750,approved,,6575,kgs,
VINA TRADE AND INDUSTRY,sc4387,2024-03-05,Kality 1,KAPIL,HARSH,31515.75,0,27405,approved,credit,3500,kgs,
VINA TRADE AND INDUSTRY,Sc4536,2024-05-02,Kality 1,KAPIL,,13326.66,0,11588.4,approved,,1480,kgs,
VINA TRADE AND INDUSTRY,sc4422,2024-03-21,Kality 1,KAPIL,HARSH,11705.85,0,10179,approved,credit,1300,kgs,
VINA TRADE AND INDUSTRY,sc4391,2024-02-06,Kality  1,KAPIL,HARSH,18009,0,15660,approved,credit,2000,kgs,
VINA TRADE AND INDUSTRY,sc4404,2024-02-12,Kality 1,KAPIL,HARSH,15667.83,0,13624.2,approved,credit,1740,kgs,
VINA TRADE AND INDUSTRY,Sc4597,2024-06-03,Gellan,MILLION,,49999.7,0,43478,approved,,200,kgs,
SUNISH RAMENDRA SHAH,1343,2024-04-08,Head office,LUHANA,HARSH,4830,1,4200,approved,,1,pieces,
VINA TRADE AND INDUSTRY,Sc4567,2024-05-20,Gellan,MILLION,,545999.86,1466.13,474782.49,approved,,1739.13,kgs,
CHEMICAL INDUSTRY CORPORATION,1333,2024-03-20,Kality 1,KAPIL,HARSH,5750000,150,5000000,approved,,20000,kgs,
VINA TRADE AND INDUSTRY,sc4496,2024-04-12,Kality 1,KAPIL,HARSH,12786.39,0,11118.6,approved,,1420,kgs,
LAKACHEW AHADU AKAL,1361,2024-05-20,Kality 1,KAPIL,HARSH,9500,1,8260.87,approved,,1,pieces,
KANORIA AFRICA TEXTILES,1324,2024-03-06,Gelan,MUKESH,HARSH,460000,0,400000,approved,,2000,meters,
VINA TRADE AND INDUSTRY,sc4514,2024-04-22,kality 1,KAPIL,HARSH,13146.57,0,11431.8,approved,,1460,kgs,
VINA TRADE AND INDUSTRY,sc4365,2024-01-23,Kality 1,,HARSH,786105.62,0,683570.1,approved,credit,1123,kgs,
WSM,1386,2024-09-09,Kality 1,KAPIL,,157584.5,1,137030,approved,,1,pieces,
DLM PLC,1396,2024-09-14,Gelan Site,MUKESH,,30475,5000,26500,approved,,5000,meters,
VINA TRADE AND INDUSTRY,S4617,2024-06-11,Kality 1,KAPIL,,14767.38,1640,12841.2,approved,,1640,kgs,
DESSIE SHAWEL RETAIL TRADE OF COTTON TEXTILE,1381,2024-06-19,Kality 1 & 2,KAPIL,HARSH,37800,24,32869.56,approved,,24,pieces,
VINA TRADE AND INDUSTRY,sc4368,2024-01-22,Gellan,Kality,HARSH,37499.77,0,32608.5,approved,credit,150,kgs,
VINA TRADE AND INDUSTRY,sc4297,2023-12-21,Kality 1,KAPIL,HARSH,243748.54,0,211955.25,approved,,975,kgs,
VINA TRADE AND INDUSTRY,sc4642,2024-06-24,Kality 1,KAPIL,HARSH,30795.39,0,26778.6,approved,,3420,kgs,
VINA TRADE AND INDUSTRY,sc4338,2024-01-08,Gellan,MILLION,HARSH,38000.21,0,33043.66,approved,credit,38,kgs,
VINA TRADE AND INDUSTRY,Sc4551,2024-05-13,Kality 1,KAPIL,,36378.18,0,31633.2,approved,,4040,kgs,
VINA TRADE AND INDUSTRY,sc4374,2024-01-29,Kality 1,KAPIL,HARSH,250601.79,62,217914.6,approved,credit,62,kgs,
VINA TRADE AND INDUSTRY,sc4389,2024-02-06,Gellan,MILLION,HARSH,35499.79,0,30869.38,approved,credit,142,kgs,
VINA TRADE AND INDUSTRY,sc4390,2024-02-06,Gellan,MILLION,HARSH,89000.49,0,77391.73,approved,credit,89,kgs,
JUPITER TRADING,1401,2024-09-14,Head Office,MAHIDER,,15600,2,13565.22,approved,Cash in Advance,2,pieces,
BATU TANNERY PLC,1417,2024-09-14,Gelan Site,MUKESH,,920000,10000,800000,approved,,10000,,
VINA TRADE AND INDUSTRY,sc4673,2024-06-12,Kality 1,KAPIL,,35657.82,0,31006.8,approved,,3960,kgs,
KANORIA AFRICA TEXTILE PLC,1325,2024-03-06,Gelan,MUKESH,HARSH,311233.13,0,270637.5,approved,,1001,meters,
COLBA TANNERY PLC,1420,2024-09-17,Gelan,MUKESH,,150017.5,5000,130450,approved,,5000,,
AGRAPH TRADING PLC,1428,2024-09-18,Kality,MUKESH,,64950,1,56478.26,approved,,1,pieces,
VINA TRADE AND INDUSTRY,sc4732,2024-09-23,KAPIL 1,KAPIL,,270135,30000,234900,approved,,30000,kgs,
EDMS TRADING PLC,1439,2024-09-23,Gellan,MUKESH,,20760,1,18052.17,Pending,,1,pieces,
BATU TENNERY PLC,1447,2024-09-28,Gelan,MUKESH,,1840000,20000,1600000,Pending,,20000,,